Masjid di Semarang,name,rating,review
Masjid Agung Jawa Tengah (MAJT),topx _ak,4.0,"Pertama kali ke sini langsung terpukau dengan luas dan besarnya masjid dan lokasinya. Area parkir yang sangat luas, bahkan bisa menggelar tikar untuk makan bersama keluarga, hehehe... Masjidnya juga sangat luas dan besar, dan serambinya sangat luas. Serta di serambi ada payung besar seperti yang ada di Masjidil Haram. Mungkin karena luasnya, area masjid juga dimanfaatkan untuk latihan ekstra kurikuler sekolah, seperti paskibra. Ada juga warung-warung yang menjajakan makanan dan minuman di area parkir. Bahkan ada gedung pertemuan yang besar juga. Cuma yang jadi perhatian saya adalah kondisi yang lumayan panas atau sumuk di area utama sholatnya. Saat itu kipas angin tidak menyala juga. Tetapi ketika kita menepi di dekat jendela atau sela-sela tembok akan terasa angin yang berhembus. Di masjid agung kita juga bisa menaiki menara yang setinggi 19 lantai, di mana di lantai ke 3 ada museumnya. Di puncak atau lantai 19, kita bisa melihat pemandangan kota Semarang dari atas. Untuk naik ke atas kita hanya perlu membayar infaq pemeliharaan sebesar Rp10.000,- per orang. Dan sangatlah bagus pemandangan dari atas, kita bisa santai sejenak duduk di atas sambil terkena hembusan angin di ketinggian. Di atas disediakan juga teropong, cukup masukkan koin uang Rp1.000,- maka teropong bisa digunakan dengan waktu terbatas. Cocoklah untuk mengintip orang ğŸ¤­hehehe...."
Masjid Agung Jawa Tengah (MAJT),Ismi Khaerunnisa,5.0,Megah bangeeeeeeet mesjidnya. Cakep bangeeeet. Tapi kesini pas waktu dzuhur SUBHANALLAH PANASNYA PUOLLLLLL BANGET GITU LOH. SAMPE MENUSUK KE TULANG TULANG PANASNYA TUH MASYA ALLAH ğŸ˜­ğŸ‘ğŸ» pengen foto bentar aja juga gak kuat karena saking panasnya. Sampe mau jalan di lantainya aja ngga kuat kek lagi direbus ini kaki ğŸ˜­ğŸ¤£ tapiiii pas masuk ke dalem untuk solat dzuhur. Mesjidnya adem bangeeeet padahal gak ada AC nya. Bisa gitu yaa ğŸ˜ ih kalo kesininya sore mah enak kali yaa. Ngga terlalu panas banget gitu. Jadi bisa foto-foto yang hasilnya lebih cakep. Kmaren mah panas banget. Sampe rasanya pengen minum es kelapa muda aja ya Allah saking langsung dehidrasinya wkwkwk. Solat disini cuma bayar parkir aja. Parkirnya juga luas banget. Mesjidnya bener-bener secakep itu âœ¨ didalemnya ada al-qur'an yang guedeeeeee banget. Terus kayanya tiap hari ada yang ceramah gitu yaa. Terus kaya ada yang liputnya gitu. Mungkin tayang di TV swasta daerah gitu kali yaa. Ngga ngerti ceramah apa soalnya pake bahasa Jawa full hehehe.
Masjid Agung Jawa Tengah (MAJT),INDRA LUBIS,5.0,"Masjid Agung Jawa Tengah adalah yang terbesar dan termegah serta merupakan ikon dan kebanggaan masyarakat provinsi tersebut. Masjid ini juga merupakan salah satu masjid terbesar di Indonesia. Masjid megah ini diresmikan oleh Presiden Republik Indonesia periode 2004-2009, Susilo Bambang Yudhoyono dengan menandatangani prasasti yang terbuat dari batu alam setinggi 3,2 meter dan berat 7,8 ton. Batu alam ini didatangkan dari lereng Gunung Merapi. Arsitektur masjid memadukan tiga gaya. Arsitektur Jawa diwakilkan pada bagian badan atap masjid yang berbentuk limas serta dasar tiang masjid bermotif batik seperti model tumpal, untu walang, kawung, dan parang-parangan. Arsitektur Arab dapat dilihat dari kubah puncak masjid dan dinding masjid yang dihiasi kaligrafi. Arsitektur Roma-Yunani terlihat pada desain interior dan pewarnaan sudut- sudut bangunan. Salah satu ciri khas masjid ini adalah enam buah payung hidrolik raksasa yang berada di teras masjid. Payung yang dapat membuka dan menutup secara otomatis ini mengadopsi model yang terdapat di Masjid Nabawi, Madinah, Arab Saudi. Dengan tinggi masing-masing 20 meter dan bentangan hingga 14 meter, payung ini berfungsi sebagai atap kala jumlah jamaah tengah meluap. Keistimewaan lainnya adalah menara Asmaâ€™ul Husna setinggi 99 meter. Menara yang disebut dengan Al Husna Tower ini terletak di pojok barat daya masjid dan dapat dilihat dari radius 5 kilometer. Keberadaan menara tersebut merupakan simbol kebesaran dan kemahakuasaan Allah. Menara pun berfungsi sebagai destinasi wisata religi. Selain udara yang segar, teropong di menara memanjakan pengunjung sehingga mereka dapat menikmati pemandangan indah kota Semarang dan kapal-kapal di pelabuhan Tanjung Emas. Di plaza masjid terdapat banner bertuliskan Gerbang Al-Qanathir yang berarti megah dan bernilai. Di sini terdapat 25 tiang Al-Qanathir sebagai simbol 25 rasul yang membentuk satu lengkungan melingkari plaza. Melangkah ke bagian dalam, akan tampak pintu bergaya khas Jawa. Setelah melewati pintu, terlihat ruang yang sangat luas dan megah didominasi warna cokelat muda pada lantai dan aksen kayu berwarna hijau pada atap bagian dalam. Mihrab masjid terlihat anggun dengan pigura yang terbuat dari ukiran kayu. Bagian mimbar berasal dari dinding yang sengaja dibuka dengan memberikan ruang di dalamnya untuk tempat khatib berkhotbah. Lampu gantung berbentuk lingkaran yang cenderung minimalis menimbulkan kesan keanggunan dan kebersahajaan."
Masjid Agung Jawa Tengah (MAJT),BUDI SULAIMAN,5.0,"Ini adalah kali pertama saya masuk masjid agung jawa tengah, masuk gerbang kita akan di kenakan karcis, namun saya naik kendaraan motor dan pagi jam 4 itu tidak dipungut biaya, niat saya ke masjid tersebut ingin sholat berjamaah, alhamdulillat dapat menunaikan sholat berjaam, dilihat sangat luat untuk lahan parkir motor maupun mobil ada 5 posisi 1 bes 3 bus/mobil 1 nya motor. Setelah sholat saya berjalan mengelilingi masjid, tempat wudunya nyaman dan luas, dan biasanya banyak para pengunjung yang menginap karna ingin sekalian berjiarah ke makan. Setelah berkeliling masjid saya keluar menaiki motor lalu berkeliling dan di dalam ada warung yang jualan di sebelah kiri bangunan masjid yang di pisahkan oleh lahan parkir. Pindah ke posisi depannya atau belakangnya di luar lingkungan area masjid ada jagung, sebelahkanan ada lahan yang kumuh, yang kumuh itu di luar area masjid aga depannya ada kakah kecil dan itu bagus , semoga kita dan saya dapat menunaikan rukun islam yang ke 5, naik haji bila mampu aamiin. Sekian terima kasih atas perhatiannya Babay.."
Masjid Agung Jawa Tengah (MAJT),Yoenna Yuu,5.0,"Pertama kalinya aku masuk ke Masjid yang Masyaallah Tabarakallah Luas sekali. Parkiran mobil, motor ya pun luas, ada toko kecil-kecilan juga disana. Aku ke sana abis sholat Dzuhur, cuaca hari itu juga cerah. Klo mau foto di sekitar masjid diusahakan memakai kaos kaki. Lantai masjid sangat panas soalnya. Klo memakai kaos kaki kan jadinya itu kaki tidak terlalu panas. Struktur bangunan sangat mega, masjid ya bertingkat, dan diluar masjid terdapat payung raksasa yang bisa buka tutup. Ada semacam mercusuar juga,kalian bisa melihat pemandangan laut & kota Semarang di atas mercusuar tersebut. Diluar masjid juga ada sebuah bangunan pilar yang sangat tinggi dan bertuliskan huruf Arab, seperti semacam bangunan kuno tapi modern."
Masjid Agung Jawa Tengah (MAJT),asti eka w,4.0,"Masjid dengan payung raksasa yang mengingatkan kita pada Masjid Nabawi. Enam payung hidrolik raksasa yang dapat terbuka dan tertutup secara otomatis. Masjid ini termasuk masjid termegah di Indonesia. Masjid Agung Jawa Tengah dibangun pada tahun 2001 dan selesai pada tahun 2006. Payung raksasa akan dibuka pada saat Sholat Jumat, Idul Fitri atau Idul Adha dengan catatan bila angin tidak sedang bertiup kencang. Masjid ini bisa menampung 15,000 jamaah dan di halaman luarnya bisa menampung 10,000 jamaah. Pada saat saya kesana, kolam di halaman depan masjid sedikit agak kotor dan sepertinya ada air mancurnya, tp pada saat itu tdk menyala. Untuk masuk ke ruang utama masjid, harus naik melalui tangga2 dr lantai bawah krn pintu depan/pintu utama masjid tidak dibuka. Banyak toko2 souvenir di sekitar masjid juga terdapat klinik kesehatan. Paling bagus pemandangan langit menjelang maghrib. Katanya kita bisa naik ke menara atas masjid, tp saya blm mencobanya ketika saya berkunjung kesana bbrp hari lalu."
Masjid Agung Jawa Tengah (MAJT),Ani Devi Ariyanti,5.0,"Masjid Agung merupakan landscape iconic di Jawa Tengah. Tempatnya sangat luas, ada pilar2 besar dan payung seperti di Masjid Nabawi. Sayangnya payung dibuka ketika waktu2 tertentu (seperti saat sholat jumat, sabtu, minggu dan hari2 besar tertentu). Saat kesitu (sekitar jam 10an) masjid sepi dan tutup, mau nunggu adzan dan sekalian sholat Dluhur tapi adek sudah rewel, jadinya kita langsung pulang. Next time, InsyaAllah ketika weekend pengen kesini lagi mau nunjukin payungnya yang terbuka ke adek. Dari pintu masuk ke masjid jalan kaki lumayan jauh."
Masjid Agung Jawa Tengah (MAJT),Ignatia Bellatrix,5.0,"Masjid terbesar dan terbagus di Semarang yang terletak di Jalan Gajah Raya, Kelurahan Sambirejo, Kecamatan Gayamsari, Kota Semarang, Peletakan batu pertamanya tahun 2002 dan diresmikan tahun 2006 di tanah seluas 119 hektare yang merupakan tanah wakaf Ki Ageng Panandaran II, Bupati Semarang pertama. Ada 6 payung hidrolik raksasa yang dapat terbuka dan tertutup secara otomatis pada saat Sholat Jumat, Idul Fitri atau Idul Adha dengan catatan bila angin tidak melebihi 200 knot. Ini merupakan adaptasi arsitek bangunan masjid Nabawi yang terletak di depan masjid. Daya tampung masjid hingga 15.000 jamaah, dan halaman utama masjid sendiri mampu menampung sekitar 10.000 jamaah. Jadi bisa sekitar 25.000 jamaah. Masjid ini memiliki menara Asmaul Husna yang sesuai dengan namanya, sehingga memiliki ketinggian 99 meter. Di puncak Menara Asmaul Husna kita dapat melihat megahnya Masjid Agung Jawa Tengah dari ketinggian, serta city scape dari berbagai sisi baik kota Semarang, perbukitan, gunung, hingga pesisir laut yang indah dengan menggunakan teropong. Tiket: kalau tidak salah Rp15.000 Dan mengantri karena harus naik lift. Waktu terbaik untuk naik ke atas menara adalah pada saat sore hari (Ba'da Ashar), saat itu merupakan waktu yang pas untuk melihat sunset dengan teropong. Selain berfungsi sebagai tempat beribadah umat Islam. Masjid ini juga berfungsi sebagai pusat pendidikan, pusat syair Islam, museum serta perpustakan yang menceritakan mengenai sejarah tempat wisata Semarang, dan wisata religi untuk para pengunjung yang mengagumi kemegahan arsitektur masjid. Fasilitas: perpustakaan, 3 auditorium, penginapan, ruang akad nikah, museum perkembangan islam, kafe di bagian menara Asmaul Husna, toilet, parkiran yang sangat luas, tempat sampah, toko oleh2, cafetaria. Nb: Jangan lupa untuk membawa peralatan sholat. Gunakan pakaian yang sopan khususnya bagi wanita untuk menutup auratnya."
Masjid Agung Jawa Tengah (MAJT),Ari Wahyu,4.0,"Masjidnya luas dan besar. Tempat parkir sangat luas. Toilet dan tempat wudhu bersih dan banyak. Ada jg payung seperti dimasjid nabawi yg dibuka cuma pada saat sholat idul fitri, idul adha dan jum'atan. Ada jg menara yg bisa naik sampai keatas. Bisa melihat pemandangan kota semarang. Kalo mau berkunjung atau foto foto alangkah baiknya pada saat pagi hari atau sore hari, karena bila siang hari lantai depan masjid pas ada payung nya sangat panas sekali. Cuma sekarang sepertinya kondisinya kurang terawat baik, karena banyak tegel dan keramik yg lepas dan dibiarkan seperti tidak terurus. Selamat berkunjung."
Masjid Agung Jawa Tengah (MAJT),Rohmah Khasanah,5.0,"Tempatnya luas, masjid luas, halaman luas, parkir luas, toilet banyak dan bersih, banyak dikunjungi oleh wisata religi, warga sekitar olah raga dan aktivitas lainnya. Banyak penjual suvenir maupun kuliner. Ada gedung perpustakaan di pojok utara, ada tempat therapi seperti : pijat, bekam dan ada toko yang jualan obat-obatan herbal serta oleh-oleh haji, ada beberapa gedung serba guna yang disewakan untuk berbagai acara, seperti : pernikahan, khitanan, reuni ataupun acara besar lainnya. Yang ingin menginap juga disediakan persewaan hotel. Jika pengunjung ingin melihat sekitar kota Semarang , bisa melihat dari menara dengan tiket yang terjangkau."
Masjid Agung Jawa Tengah (MAJT),Tamu Negara,4.0,"Assalamualaikum reviewer gabut ijin mengulas kunjungan saya bersama keluarga saat melaksanakan sholat ashar di Masjid Agung Jawa Tengah (MAJT) Masjid Agung Jawa Tengah berada di daerah Jl. Gajah Semarang. Lokasinya berada di tempat yang strategis serta lalu lintas yang sangat ramai Masuk ke Area Masjid kami mendakat karcis parkir dengan besaran infaq 4000 rupiah. Parkiran sangat luas mungkin bisa sampai 500 kendaraan roda 4 bisa parkir disini Masjid Agung Jawa Tengah bukan hanya untuk tempat beribadah, ada beberapa tempat yang biasa digunakan untuk acara resepsi pernikahan. Lantai atas dimana payungÂ² besar yang layaknya Masjid Nabawi di Makkah, bisa diakses secara bebas, jangan lupa untuk melepas alas kaki selepas batas suci Masjid Agung Jawa Tengah untuk area wudhu dan kamar mandi sangat bagus dan luas. Untuk area dalam Masjid sangat sejuk dan nyaman, ubin masjid adalah tempat paling nyaman ğŸ˜ Area sholat untuk jamaah Pria sangat luas, terdapat Al-Quran besar serta Al-Quran yang boleh dibaca oleh jamaah Masjid Agung Jawa Tengah, dengan kemegahannya tersebut sangat disayangkan terlihat kurang terawat"
Masjid Agung Jawa Tengah (MAJT),aziza dyah,5.0,"Masjid Agung Jawa Tengah ini memiliki tanah seluas 119 hektare. Dibangun di atas tanah wakaf Ki Ageng Panandaran II, Bupati Sematang pertama. Meskipun begitu, ada masalah dengan kepemilikan surat tanahnya sehingga yang mengaku memiliki lebih dari satu orang. Hingga suatu saat tanah tersebut telah ditukar guling oleh beberapa perusahaan besar multinasional kepada investor luar negeri. Didukung oleh Gubernur Jawa Tengah saat itu, Mardiyanto. Tanah-tanah ini diselesaikan hak kepemilikannya sehingga tanah ini tidak jatuh ke tangan orang lain. Di tahun 2002, pembangunan masjid dengan peletakan batu pertama dilakukan. Tahun 2006 masjid ini diresmikan. Terdapat payung yang besar dan dapat terbuka saat hari jumat saja. Dapat menampung 15.000 jamaah. Nuansanya jawa banget kalo sudah masuk ke masjid. Untuk laki laki ada di sebelah kanan dan untuk wanita di sebelah kiri dan kalo mau solat naik ke lantai atas lantai 3 kalo ga salah. Oiya bisa liat di menara bayar Rp.10.000 per orang. Terdapat museum di lantai 2 dan 3. Menaranya ada di lantai 19 tingi banget pokoknya."
Masjid Agung Jawa Tengah (MAJT),Keluarga HaWaRa,5.0,"Mampir ya ke chanel youtube aqu di keluarga hawara Masjid Agung merupakan tempat wisata religi yang sangat menyenangkan, dan sangat layak dikunjungi bersama keluarga.. Arsitektur masjid memadukan tiga gaya. Yaitu Arsitektur Jawa diwakilkan pada bagian badan atap masjid yang berbentuk limas, serta dasar tiang masjid bermotif batik seperti model tumpal, untu walang, kawung, dan parang parangan. Arsitektur Arab dapat dilihat dari kubah puncak masjid dan dinding masjid yang dihiasi kaligrafi. Arsitektur Roma Yunani terlihat pada desain interior dan pewarnaan sudut- sudut bangunan."
Masjid Agung Jawa Tengah (MAJT),Vee Ven,4.0,"Kebetulan Kemaren mau ke salah satu wisata di semarang, berhubung nyampe sana masih jam 4 pagi jadilah mampir ke masjid ini. Bangunannya masjid subhanallah, arsiteknya perpaduan jawa dan arab.. Ada fasilitas perpustakaan juga di sana. Untuk Kebersihan di area masjid bersih.. Cuma mungkin karena waktu ke sana berbarengan dengan wisata lain juga yg berkunjung, jadi toilet ngantri parah."
Masjid Agung Jawa Tengah (MAJT),Afik Debi Hadiyanto,4.0,"Cukup megah. Apalagi menaranya. Namun hati-hati saat hujan, pelataran masjid yang tersusun dari keramik menimbulkan genangan tipis, bisa menyebabkan aqua planing sehingga terpeleset. Masukan juga untuk pengurus, banyak sudut bangunan yang sudah mengalami kerusakan dan cukup membahayakan pengunjung."
Masjid Agung Jawa Tengah (MAJT),Nurfitriyani Sunarya,4.0,Tempatnya sangat luas dan dibagi ke dalam beberapa sektor. Namun sayang tidak dirawat dengan baik. Mungkin juga karena biaya pemeliharaan yang tinggi. Hal yang unik dari masjid ini adalah ada tempat yang menjadi miniatur untuk melaksanakan ibadah haji. Sangat inspiratif.
Masjid Agung Jawa Tengah (MAJT),Zam B Angga W,5.0,"Sebuah pengalaman berharga dapat mengunjungi salah satu Masjid kebanggan bagi Masyarakat Jawa Tengah, khususnya Kota Semarang, Masjid Agung Jawa Tengah (MAJT). Tempatnya sangat luas. Kemegahannya bahkan terlihat dapat disaksikan dari jalan raya. Tempatnya mudah diakses. Apabila masuk kesini ada kartu karcis yang diberikan, untuk motor ada uang sedekah Rp 2.000,-. Tempat parkir motor dan mobil luas, ada pilihan untuk parkir di Basement atau di halamannya. Di sepanjang area Masjid terdapat banyak toko souvenir dan toko-toko lainnya. Terdapat bangunan yang dapat digunakan untuk keperluan umum. Masjidnya sendiri luas, bersih, tempat wudhu dan toilet sangat memadai, air mengalir lancar dan cukup jernih, kamar mandi cukup bersih. Meskipun saat siang panas, tetapi anginnya meniup kencang. Tempatnya tidak hanya cocok untuk beribadah, tetapi juga dapat digunakan sebagai tempat rekreasi, belajar bersama, atau hanya untuk menghabiskan waktu saja. Sekian, Terimakasih."
Masjid Agung Jawa Tengah (MAJT),Adi Sulistiyono,5.0,Masjid yang memiliki lahan luas. Disamping pelataran yg luas juga ada miniatur Ka'bah bukit Sofa dan Marwah Jadi sering digunakan untuk kegiatan manasik haji. Sayangnya banyak keramik halaman yang sudah nggak nempel dan kebersihan halamannya juga kurang diperhatikan
Masjid Agung Jawa Tengah (MAJT),Muhammad Muslimin,5.0,"Masjid agung jawa tengah Salah satu ikon jawa tengah yang memiliki salah satu menara masjid tertinggi. Memiliki parkir yang luas. Mulai sepeda motor hinggo kendaraan besar seperti bis pariwisata. Terdapat komplek oleh-oleh khas jawa tengah khususnya semarang. Bangunan yang luas, memiliki toilet yang banyak serta bersih. Sangat populer bagi kalangan wisatawan. Khususnya yang beragama muslim. Seperti kurang lengkap kalo belum mampir ke masjid agung jawa tengah."
Masjid Agung Jawa Tengah (MAJT),Eka Tri,5.0,"MasyaAllah.... Masjid yang begitu megah dan indah, Dengan fasilitas-fasilitas yang lengkap seperti kamar mandi yang banyak dan bersih, parkir yang luas, ada juga gedung yang disewakan untuk berbagai event di samping masjid, perpustakaan, dan masih banyak lagi...."
Masjid Agung Jawa Tengah (MAJT),imawan dedy,5.0,"Masjid Agung Jawa Tengah merupakan salah satu masjid bersejarah dan salah satu yang termegah di Indonesia. Karena sangat luas dan mampu menampung jamaah puluhan ribu orang jamaah. Masjid agung Jawa Tengah mempunyai keunikan yaitu mempunyai 6 payung hidrolik, seperti masjid Nabawi di Arab Saudi. Masjid ini juga mempunyai arsitektur yang sangat bagus dan menara Asmaul Husna. Masjid Agung Jawa Tengah terletak di daerah pusat kota dan kantor kantor pemerintahan , tepatnya di jalan Gajah Raya , Gayamsari, Semarang. Masjid Agung Jawa Tengah menjadi salah satu tujuan wisata religi di Semarang, juga sebagai pusat syiar dan pendidikan agama. Fasilitas yang disediakan ruang wudhu banyak, toilet bersih, parkiran luas, ruang perpustakaan, auditorium dan lain lain."
Masjid Agung Jawa Tengah (MAJT),ayundahaha,4.0,"Kl ke Semarang rasanya pingin mampir sini untuk sholat. Dl sblm pandemi, tempat wudhu dan akses jamaah perempuan sepertinya di sisi kanan atau Utara. Tp trakhr dtg d bln juni 2022 jd di sisi kiri (Selatan). Sy krg paham masjid ini ramah musafir atau tdk, tp mohon maaf wkt itu sy sempat numpang tidur sebentar krn emang kondisi agak capek. Terimakasih ya, masjid nya nyaman banget. Barokallah"
Masjid Agung Jawa Tengah (MAJT),Siti Agustina,5.0,Pengalaman berkesan ketika berkesempatan pertama kali berkunjung di sini. Arsitektur masjid dan menara yang indah dan megah serta kawasan nya pun luas. Bagian dalamnya tak kalah megah dan luas. Protokol kesehatan mantap dengan terdapat jarak pada shaf untuk sholat. Namun sepertinya pada bagian karcis pintu utama dapat dibenahi kembali karena cenderung dilakukan manual padahal terdapat alat karcis di sana.
Masjid Agung Jawa Tengah (MAJT),Ummu Husna,5.0,"Masjid yang maa syaa Alloh arsitekturnya indah sekali, tempat wudhu dan toiletnya nyaman dan aman bagi muslimah, tidak perlu khawatir ada laki-laki yang tiba-tiba lewat. Halaman masjid luas, pemandangannya indah sekali, pergi ke masjid ini tidak henti-hentinya mengucap maa syaa Alloh, benar-benar dibuat kagum."
Masjid Agung Jawa Tengah (MAJT),Ghaluh W,5.0,"Dulu kesini pas masih SD, saat itu bangunan masih baru. Pas kesini, ternyata belum ada yang berubah masih sama. Mungkin ada yang berubah sih cuma aku gak 'ngeh' wkwk. Trus tempatnya juga masih terjaga kebersihannya. Kamar mandi dan tempat wudhu juga bersih. Untuk yang gak bawa mukena, disini ada guys di lantai 2 jadi habis wudhu naik tangga trus ada tempat buat sholat juga tapi itu masih naik tangga lagi nah disitu tempat yang ada mukenanyaa dan juga ada karpet sajadah juga. Tempatnya juga bersih setiap lantai. Trus karena batas sucinya jauh ke tempat wudhu, lebih baik bawa kantong plastik jadi sepatunya dibawa trus dititipkan di penitipan (dekat tempat widhu) tapi bisa juga lewat samping jadi tetap pakai sepatu sampai tempat wudhu. Pas aku kesini, pintu utama masuk masjid ditutup, entah karena sudah bukan jam sholat atau gimana jadi lewatnya dari tempat wudhu trus ada tangga menuju lantai diatasnya. Untuk parkir, parkirnya 2000 rupiah saja."
Masjid Agung Jawa Tengah (MAJT),Chandra Bagus,5.0,"Masjid yang megah dan bisa jadi destinasi wisata religi di semarang, jawa tengah. Bisa dikunjungi sewaktu waktu hanya untuk berfoto atau sekalian menunaikan ibadah solat. Tempat wudhu yang luas dan tempat solat yang terdiri 2 atau 3 lantai saya lupa. Terdapat bedug bersejarah yang cukup besar dan alquran terbesar. Ada hall/aula untuk berbagai penyelenggaraan acara."
Masjid Agung Jawa Tengah (MAJT),Muhammad Azis Husein,4.0,Masjidnya megah. Mirip masjid nabawi. Desainnya bagus banget. Parkiran luas. Nyobain sholat Jumat di sana dan lumayan enak. Sayangnya jamaahnya masih relatif sedikit kalau dibandingkan dengan luasnya bangunan. Mungkin akan terlihat lebih keren kalau kemegahan bangunannya dibarengi dengan jamaah yang memenuhi ruang.
Masjid Agung Jawa Tengah (MAJT),Kartika Prameswari,5.0,"Masjid bagus halaman sangaaaat luas estetika bangunannya memanjakan mata, dalem masjid jg luas, area wudhu dan kamar mandi banyak, bersih, dan terawat. Krn masjidnya besar ada petunjuk"" arah yg memudahkan utk mencapai tempat shalat utama. ğŸ‘ğŸ‘ğŸ‘ Saran aja agar kolam ikan diganti airnya, agara tambah adem diliatnya sembari menunggu waktu shalat ğŸ˜Š"
Masjid Agung Jawa Tengah (MAJT),Masrudi,3.0,"Berkunjung pas tengah hari, payung raksasa tidak dibuka yg mengakibatkan lantai terluar sangat panas dilewati. Ada anak yang jatuh terpelanting krn berlari menghindari rasa panas di telapak kaki yang luar biasa. Ini yang penting : TIDAK ADA PENUNJUK ARAH yang memadai untuk menuju tempat wudhu dan ruang utama masjid. Kami hampir tersesat, kebanyakan pengunjung yang datang setelah purna shalat berjamaah hanya shalat di sekitar tempat wudhu di lantai basement. Jarak tempat wudhu ke ruang utama shalat harus melewati tangga dan lantai yang berliku. Capek."
Masjid Agung Jawa Tengah (MAJT),Wulan Djofi8,5.0,"Parkir luas, tarif motor 2 ribu. Masjidnya bagus 'n besar. Ada kolam ikannya. Ada menara yang klo malem bisa liat suasana kota Semarang dari lantai atas menara 'n ada restonya juga. Banyak toko"" yang jual snack, baju, madu, dll. Ada salah 1 toko yang jual madu penyubur biar bisa segera hamil, aq juga beli di situ 'n berhasil. Kemaren baru aja beli madu lagi biar bisa hamil anak ke2."
Masjid Agung Jawa Tengah (MAJT),Laksma Prasetiyo,4.0,"Alhamdulillah selalu kesini dan kesini apabila ingin merasakan vibes-nya Makkah alaÂ² ya....ğŸ˜ Luasnya halaman utamanya bikin betah untuk menghabiskan sore/malam dalam suasana penuh khidmat. Apalagi di bulan ramadhan seperti ini, masjid ini sungguh penuh. Selain bisa sholat, dudukÂ² di pelataran masjid, pengunjung juga bisa naik ke atas menara. Untuk biaya parkir mobil sekitar 4ribu rupiah sak ndoblehe parkir....ğŸ¤­ğŸ¤­motor 2ribuan saja. Saran saya, kalau pas hujan datang itu pelataran utama yg ada payungÂ²nya banyak genangan air dimanaÂ². Dan itu gak kelihatan gaes (tidak tersorot lampu), jadilah apa daya kami sempat beberapa kali kepleset, karena kena genangan air. Mungkin tim MAJT bisa menerima saran ini dg baik, dan paling tidak gerceplah ketika hujan datang langsung dibuangi air yang menggenang. Kasian pengunjung anakÂ² dan embahÂ² yang sudah sepuh, kan pengunjung MAJT se-Jawa tengah tho???...... tingkatkan pelayanan publiknya ya.....âœŒï¸âœŒï¸âœŒï¸"
Masjid Agung Jawa Tengah (MAJT),ariani suryaningsih,5.0,"Tempatnya bersih, dan tertata rapi, tapi kurang pencahayaan jadi terasa gelap, Mungkin karena pandemi juga jadi ada beberapa efisiensi, Kalau misal pencahayaan ditambah, pasti lebih bagus"
Masjid Agung Jawa Tengah (MAJT),dani hamdani,5.0,"Masjid Agung Jawa Tengah. Luas, megah, bersih dan sejuk/dingin ruangannya, berbeda dengan udara luar ruangan secara umum di kota semarang yaitu cuaca panas. Didalamnya ada mushaf Al-Quran yang berukuran besar dan ditulis lebih dari 2 tahun oleh dosen di salah satu universitas/PT. Selamat beribadah."
Masjid Agung Jawa Tengah (MAJT),Afandi Amir,5.0,"Menurut saya luas, bersih, bangunannya megah l. Sejuk untuk inadah di dalam. Momen salat idul fitri sangat rame namun jalan masuk dan keluarnya tidak macet. Parkirnya pun tertata rapi."
Masjid Agung Jawa Tengah (MAJT),Saiful Malfino,5.0,"Setiap ke semarang pasti di agendakan mampir ke Masjid Agung Jawa Tengah, selain area kota semarang, dan banyak pilihan menu makanan yang di jual di area parkiran, Adem dan nyaman banget saat sholat di dalem jadi tidak ingin pulang Arsitektur yang unik dan keren membuat tempat spot foto atau selfie buat pengunjung yang dateng ke sini"
Masjid Agung Jawa Tengah (MAJT),Ain Olivia,5.0,"Jumat lalu ke semarang nyempetin sholat jumâ€™at di masjid agung semarang, tempat wudhu dan masjidnya bersih banget, parkiran sangat luas, ada basementnya jugaâ€¦ sayang payungnya pas gak dibuka ğŸ˜…, mau foto didepan ternyata lantainya panas ngatang-ngatang ğŸ¤­"
Masjid Agung Jawa Tengah (MAJT),denny lesmana,5.0,"Alhamdulillah sudah pernah berkunjung dan sholat disini. Saat berkunjung sudah sore sekitar pukul 16:00, samgat ramai pengunjung karena memang saat weekend.Masjid sangat megah, bersih dan indah"
Masjid Agung Jawa Tengah (MAJT),Setyowati,5.0,"Baru berkunjung pertama kali Harus liat jangan seperti saya ya, batas suci dihalaman masjid. Halaman masjid bagus banget, bersih Ada miniatur kabah, mungkin untuk belajar manasik anak2 TK"
Masjid Agung Jawa Tengah (MAJT),Anisah Nur Ismayanti,5.0,"Haii sobat travellers.. Pas banget nih mengingat sebentar lagi masuk bulan Ramadhan. Kali ini aku mau berbagi review tentang Masjid Agung Jawa Tengah atau sering disingkat MAJT. Lokasinya terletak di Jl. Gajah Raya, Sambirejo, Kec. Gayamsari, Kota Semarang, Jawa Tengah. Mudah dijangkau dengan kendaraan. Area parkir luas, tempatnya nyaman, masyarakatnya ramah. View nya masyaAllah bagus banget saya berkunjung kesini udah ketiga kalinya sejak ada renovasi menara hingga sekarang suasanananya yg tenang bikin ngangenin. Walau sekedar singgah buat sholat untuk lanjutkan perjalanan serasa refresh bgt kalo udah sholat disana. Rasanya sayang kalo ke Semarang tapi nggak sempatkan waktu untuk singgah ke MAJT ini. Masjidnya bagus dengan gaya arsitektur yang keren. Bisa diakses oleh pengguna kursi roda. Terdapat beberapa lantai. Saya wudhu du lantai bawah. Dilengkapi dengan tempat penitipan barang, kamar mandi yang banyak, tempat wudhu yang memadai. Kalo masuk dari depan langsung naiki banyak anak tangga. Di sambut oleh air mancur, pilar-pilar serta menara yang berdiri gagah. Setelahnya disuguhi pemandangan masjid dengan payung yang menyerupai payung di masjid nabawi. Didalam masjid terdapat koleksi alquran besar yang dipajang dekat pintu masuk utama. Ditiap sudut sediakan beberapa kotak amal, mukena dan alquran. Didalamnya dilengkapi dengan kipas angin, jam digital. Sangat terawat kebersihannya bagus. Interior bangunan utama yang mendominasi berupa kayu seperti ukiran kayu mempercantik isi masjid. Masjid ini sering dijadikan sebagai tempat singah bagi rombongan yang sedang berwisata. Sempat berbincang juga dengan jamaah disana, walau sekedar menyanyakan tempat makan alhamdulillah orang-orangnya ramah sekali. Pastikan saat berkunjung membawa alat solat pribadi. Abadikan momen bahagiamu. Jangan lupa pakai masker, dan terapkan protokol kesehatan lainnya. Sebisa mungkin bawa bukti sertifikat vaksin atau instal aplikasi peduli lindungi. Cukup sekian review singkat dari saya. Utamakan kesehatan, yuk cegah penularan Covid-19 dengan patuhi protokol yg berlaku. Salam sehat dari saya. Semoga review ini dapat membantu, tetap jaga kesehatanmu yaa..ğŸ˜Š Let's follow my social media @anisahnurismayanti"
Masjid Agung Jawa Tengah (MAJT),meiga dyah sulistiana,1.0,"masjid yg terkenal krn payung nya. Hanya saja kami kecewa krn rute ruangan munyer munyer dan kurang ada petunjuk arah. seandainya untuk orang yg tua pasti lelah. Kesediaan kamar mandi juga tersembunyi sedangkan kamar mandi berbayar yang diluar dekat parkiran sangat bau. Kalau tdk salah, parkir bus 50.000."
Masjid Agung Jawa Tengah (MAJT),royhaand purnomo,5.0,"Pertama kali datang kesini, masjid dengan halaman yang sangat luas... Mau sholat Maghrib, tapi saat itu pas hujan deras... Pintu masjid terkunci, jadi ga bisa ikut sholat berjamaah... Karena jalan menuju ke dalam masjid harus lewat bawah, dan harus kena derasnya air hujan... Belom tahu konsep dengan Masjid ini, sayang kalau bangunan seluas ini misal tidak dimanfaatkan dengan baik..."
Masjid Agung Jawa Tengah (MAJT),Muhamad Fikri,4.0,"Mesjid terbesar dikota Semarang, sering menjadi destinasi wisata bagi rombongan yang melakukan ziarah walisongo. Tersedia tempat parkir yang luas untuk bus-bus berukuran besar dengan biaya parkir yang masih tergolong wajar. Di sekitar area mesjid tersedia banyak toko-toko yang menjual pakaian atau oleh-oleh dan warung makan. Terkait pengelolaan dan pemeliharaan mesjid, agak disayangkan banyak spot atau bangunan yang terlihat berjamur dan kurang terawat. Kemudian untuk kebersihan di pekarangan, ataupun toilet dan tempat wudhu diharapkan bisa lebih baik lagi."
Masjid Agung Jawa Tengah (MAJT),Tia Kemala,5.0,"Jujur, dr tempat parkir an sampe ke mesjid jalan nya jauh. Kalo buat yg masih muda oke lah jalan sgtu jg ga berasa.Tp kalo bawa emak2 bapak2 apa lg mbah2 kasian coi kejauhaann daaa kaya engapp jg jalan nya kaya emot ini"
Masjid Agung Jawa Tengah (MAJT),Yunan Smart,4.0,Tempatnya bersih hanya saja di halaman masjid ada genangan air di beberapa tempat sehingga membahayakan jama'ah yang berkunjung terutama lansia dan anak-anak
Masjid Agung Jawa Tengah (MAJT),Allief Fajar Jundan,4.0,"Areanya luas banget, ke sana ke sini rasanya lumayan melelahkan jika dengan berjalan kaki, tapi bangunan-bangunannya bagus, cuma saat ke sana, tampak yang sholat sangat kosong, hanya ada anak-anak sekolah yang sedang berkarya wisata."
Masjid Agung Jawa Tengah (MAJT),Bang Solikhun,5.0,Kemegahan yg luar biasa... serta kenyamanan dalam beribadah mjadikan Masjid Agung Jawa Tengah menjadi rekomendasi yg harus d kunjungi kalo sahabat n keluarga singgah di semarang... mantastap...
Masjid Agung Jawa Tengah (MAJT),Elisa Eka,5.0,"Kesini untuk pertama kalinya, buat yang mau naik ke menaranya kalian di kenakan biaya sebesar Rp.10.000 dan untuk melihat pemandangan sekitar semarang dari atas menggunakan teropong, kalian siapin aja uang koin seribu, kalau ga ada bisa tukar ke petugas yang ada disitu kok. Toilet bersih."
Masjid Agung Jawa Tengah (MAJT),Darno Lamiran,4.0,Masjid yang merupakan wisata religi yang didesain unik memang ada beberapa seperti payung yang sudah rusak yang perlu di rawat kembali biar tetap terjaga keindahannya
Masjid Agung Jawa Tengah (MAJT),risqi laili,5.0,"Masyallah masjidnya megah sekali, ada perpustakaan, kamar mandi gede , tp sayangnya ada kran yg rusak, mubazir airnya. Semoga bisa main ke sana lagi"
Masjid Agung Jawa Tengah (MAJT),Ira Wariadi,5.0,Salah satu masjid terbesar di Provinsi Jawa Tengah yang terletak di Kota Semarang. Yang unik dari masjid ini adalah di masjid ini terdapat 6 payung besar yang bisa dibuka dan ditutup secara otomatis tergantung event yang ada pada saat itu. Di masjid ini juga terdapat menara atau gardu pandang yang bisa digunakan untuk melihat area sekitar masjid dari atas.
Masjid Agung Jawa Tengah (MAJT),Lina kris79,5.0,"bagus arsitektur ny,,berasa di nabawi... Parkiran luas.....#anakÂ² jangan boleh mandi di kolam depan (mohon ğŸ™diperhatikan) gak tau mereka nyari apa dlm kolam yg kotor itu"
Masjid Agung Jawa Tengah (MAJT),Linah Sapitri,5.0,"Masjid Agung Jawa Tengah (MAJT) yang berlokasi di kota Semarang ini benar-benar patut dikunjungi untuk beribadah ketika sedang berada di Semarang. Lokasi mudah dijangkau dengan kendaraan bermotor dan umum. Parkir luas buat bus juga muat, mobil pribadi bisa parkir di bawah masjid yang adem. Motor juga aman dan luas. Tempat ibadah luas sekali, bisa juga bagi anda yang sedang tdk beribadah sekadar melihat di depan masjid. Hanya untuk sekedar berfoto mengabadikan momen. Bangunannya megah dan cantik. Jika datang bagusnya di pagi atau sore hari. Kebetulan kami berkunjung ketika pagi hari jadi menyempatkan untuk sholat dhuha saja, teman saya yang sholat. Kebersihan terjaga dengan baik. Tidak ada samph berceceran mungkin karena sepi juga. Parkir 2000 saja untuk kendaraan motor, jika mobil atau bus saya kurang tau. Toilet bersih. Ada yang jualan makanan dan minuman di samping masjid. Sayangnya tidak bisa ke menara depan masjid karena masih belum buka. Jadi tidak bisa melihat suasana dan pemandangan indah dari atas menara masjid."
Masjid Agung Jawa Tengah (MAJT),gintoki 88,5.0,"Bagus.. parkir motor di basement.. yang PR klo naik ojol, harus jalan kaki jauh dr gerbang buat masuk ke masjid.. dr tempat wudhu lntai dasar, harus naik 2 tangga lagi buat sampai ke lntai utama"
Masjid Agung Jawa Tengah (MAJT),Sondy Bagus Pradipto,5.0,Suasana ibadah solat Jumat pertama di bulan Syawal 1443 H sangat ramai jamaah. Mohon ditingkatkan lagi fasilitas di toilet dan tempat wudhu pria. Banyak keran dan urinoir yg tidak berfungsi karena airnya tidak ada
Masjid Agung Jawa Tengah (MAJT),atik rahayu,5.0,"Masjid dan halaman nya luas.. banyak aktifitas yg dilakukan baik di halaman maupun di area dalam masjid. Membawa rombongan juga menyenangkan. Apalagi hari Minggu, banyak kuliner yg dijajakan diluar halaman masjid."
Masjid Agung Jawa Tengah (MAJT),Ghossan,5.0,"Mesjid yang luar biasa desainnya, cuma kurang penunjuk arah saja, untuk orang yg baru pertama kali kesini agak kesusahan mencari pintu masuk"
Masjid Agung Jawa Tengah (MAJT),Dany Aprilia,5.0,"Masya Allah bagus banget masjidnya... Kebetulan kesini pas hari Jumat pas payungnya mekar... Kebetulan pas kesana cuma 4 payung saja... Salah satu wisata religi di Semarang... Fasilitas nya parkir luas, toilet banyak dan bersih, tempatnya luas bisa menampung banyak jamaah..."
Masjid Agung Jawa Tengah (MAJT),Iwan,5.0,"Pertama kali kesini langsung terpukau dengan megahnya masjid ini tempatnya luas parkirannya luas, banyak orang juga, mau cari tempat parkir harus muterin masjidnya dahulu, sholat Disini pas siang hari, di halamanya panas banget tapi pas sudah sampai di dalam hawanya sejud adem, di dalam masjid ini juga luas,"
Masjid Agung Jawa Tengah (MAJT),IncessTwin MinaVena,5.0,Wisata religi sekaligus edukasi.... Rekomended bet. Buat agenda family time healing Murmer.... Buat kluarga. Bocil pasti suka... Ada gardu pandang... Tempat luas. Ramah anak.
Masjid Agung Jawa Tengah (MAJT),OmJhody,5.0,"Salah satu Landmark kota Semarang yang ramai dikunjungi oleh warga & wisatawan, masjid ini tidak saja sebagai tempat ibadah namun juga menjadi publik space yang menyenangkan untuk dikunjungi."
Masjid Agung Jawa Tengah (MAJT),Aris Prasetyo,5.0,Masjid terbesar di Jawa Tengah jadi masjid tujuan banyak wisatawan umat islam bangunan megah bisa naik ke menara melihat keindahan kota semarang dari ketinggian
Masjid Agung Jawa Tengah (MAJT),Lilik Winarti,5.0,"Termasuk masjid termegah di Indonesia , terdapat 6 payung hidrolik raksasa di bagian depan masjid yg di buka pada saat sholat Jumâ€™at , Idul Fitri , Idul Adha , masjid yg luas bersih dan megah"
Masjid Agung Jawa Tengah (MAJT),A Cup of Tea,5.0,"Nyaman, mukena wangi, dan bersih. Hati-hati telapak kaki panas pas siang hari melewati pelatarannya.Waktu ke menara masjid agung sepi banget pas hari kerja."
Masjid Agung Jawa Tengah (MAJT),Erlangga Hananda Putra,5.0,"Masjid Agung Jawa Tengah adalah masjid yang terletak di Semarang, provinsi Jawa Tengah, Indonesia. Masjid ini mulai dibangun sejak tahun 2001 hingga selesai secara keseluruhan pada tahun 2006. Masjid ini berdiri di atas lahan 10 hektare."
Masjid Agung Jawa Tengah (MAJT),Lucy Dewan Yuliyanto (Kang Ucy),5.0,"Terakhir kesana waktu kuliah dan sebelumnya waktu saya SMA kelas 11 Saat itu ramai sekali Padahal bukan weekend Tapi kali ini berbeda,agak sepi namun sudah lebih tertata rapih Disini ada banyak pilihan makanan dan jajanan Infaq parkir juga ada cukup bersahabat Infaq Menara Al Husna sekarang cuma RP 10.000, nanti lahan parkir sepeda mohon disiapkan agar tidak was was Jangan lupa perlakukan mesjid selayaknya ya, tetap ikuti aturan ada tulisan batas suci atau tidaknya"
Masjid Agung Jawa Tengah (MAJT),Noki Ariwibisono,5.0,"Masjid yang sangat besar, kalau masuk dari depan siang hari alas kaki dilepas cukup panas kalo ga pake kaos kaki, mending lewat samping."
Masjid Agung Jawa Tengah (MAJT),hitaki millata,4.0,"Alhamdulillah masih diberi kesempatan solat tarawih disini. Untuk menuju kesini lewat jalan gajah raya, agak padet sih jalanan nya, lumayan lama ga lewat jalan ini, sudah banyak perubahan, semakin ramai. Tapi menurut saya pribadi nuansa ramadhan kali ini kurang semarak di MAJT, entahlah.. Buat yg mau ikut tarawih, mungkin solat jamaahnya akan lbh lama dari masjid lain, krn rangkaian tarawih 10 rakaat dg bacaan surah 1 juz. Oh iya sebaiknya bawa air minum sendiri dari rumah, dan pakai baju yg menyerap keringat. Meski pun ada kipas angin, agak panas di dalam, jika bawa anak mungkin bisa bawa kipas angin portable agar tdk rewel krn kegerahan"
Masjid Agung Jawa Tengah (MAJT),Mudzakir instinct 8,5.0,"Masjidnya buka terus, cuma satu saran saya, kalau kesini siang-siang jgan lupa pakai kos kaki, sumpah panas banget."
Masjid Agung Jawa Tengah (MAJT),Erfan Firozi,5.0,"saya jauh2 kesini baru pertama kali pada saat jam 20.00 wib.. yang saya sayangkan masjid semegah ini pelataran masjid kok gelap dan tidak nampak megah seperti saat siang hari, apakah biaya operasional untuk penerangan tidak ada.. aduh sayang sekali.. semoga pemda semarang memikirkan atau ada donator yg bersedia menutup biayanya"
Masjid Agung Jawa Tengah (MAJT),EXPLORADVENTURE,5.0,"Masjid yang bagus luar biasa besar, berada pada area yang cukup luas mampu menampung jamaah yang banyak.Parkiran yang cukup luas, buat group besar yang bawa bus bisa juga kesini.Area parkir yang luas dilengkapi dengan toilet dan para penjual kaos dll."
Masjid Agung Jawa Tengah (MAJT),DKing,5.0,"Masjid nya sangat luas.. Banyak penziarah juga datang kesini, Cuman untuk perawatannya harus ditingkatkan lagi.. Secara keseluruhan bagus ğŸ‘ğŸ»"
Masjid Agung Jawa Tengah (MAJT),Nabila Al Zahrah,3.0,"Kebersihan 3/10, perawatan 2/10, sayang banget masjidnya tidak steril. Masih banyak yang makan di halaman masjid padahal halamannya suci. Ngga faham sama konsep masjidnya bagaimana, harusnya terpisah wilayah antara tempat ibadah dan tempat wisata"
Masjid Agung Jawa Tengah (MAJT),Kurniawan Joko Martono,5.0,"Subhanallah, besar sekali masjidnya.Nyaman sholat disini.Parkirannya yang luas, area sholat yang selalu terjaga kebersihannya.Didalam masjid terdapat Mushaf Akbar yang ukurannya 145 cm x 95 cm."
Masjid Agung Jawa Tengah (MAJT),Zulaikha Librarian,5.0,Salah satu masjid terindah di Indonesia. Sangat luas. Untuk naik ke Menara Al Husna cukup membayar Rp 10.000. Worth it
Masjid Agung Jawa Tengah (MAJT),Arif bijaksana,4.0,"Masjid keren, tp sayangnya terkesan untuk tempat wisata disaat bukan jam sholat pintu dikunci, jadi kalo mau sholat harus muter. Cuma saran kalo sore harusnya ada kegiatan TPQ buat anak-anak sekitar agar kegiatan keagamaan lebih hidup"
Masjid Agung Jawa Tengah (MAJT),Halil_Hanin Lazthree,5.0,"Luas, bersih.. saran aja klo mau kesini pagi bangett atau sore.. klo udah ada matahari panasss... Silau..."
Masjid Agung Jawa Tengah (MAJT),Delvy Herman,5.0,Masjid Agung Semarang sangat luas.. awas kesasar ya ahaahaa.. tolong utk siapa saja yg sholat di sini mohon jaga kebersihan buanglah sampah di tempat nya biar tempat ini selalu suci..
Masjid Agung Jawa Tengah (MAJT),subur santosa,5.0,"Alhamdulillah mampir sholat dhuhur di sini, komplek masjid luas dan masjidnya megah.. Ada payung besar dihalamannya seperti Madinah.. Bagus pokoknya, ingin berlama2 disini.. Tp wkt tdk memungkinkan.. Ee jgn lupa naik ke menara al husna ya, bisa lihat kota semarang tanpa drone.. Hehe.. Dan ada museumnya juga lho.."
Masjid Agung Jawa Tengah (MAJT),Tom_Tom,5.0,masjid Terbesar di Asia Tenggara...harus kesini kalo keSemarang dan jangan lupa naik ke Museum dan Menara 99nya di lt19.
Masjid Agung Jawa Tengah (MAJT),Yaghi AP,5.0,"masjid yang memiliki suasana mirip masjid nabawi lokasi d semarang. masjid ini asyik buat rehat sejenak di tengah panasanya kota semarang, dan jangan cobaÂ² siang panas menginjak lantai luar masjid, bisa meleleh kakinya, karena panas mirup setrika. hehe...selamat berkunjung"
Masjid Agung Jawa Tengah (MAJT),Puspa Almas,5.0,"Masjid agung jawa tengah punya. Lokasi super luas baik masjid, tempat parkir, gedung, maupun lahannya. Masjidnya ada 3 lantai. Jamaah laki-laki di sisi kanan dan jamaah perempuan di sisi kiri. Tempatnya bersih."
Masjid Agung Jawa Tengah (MAJT),Devi Ayuningtyas,4.0,Udah kesini sedari TK dan lihat perubahannya sampai saat ini ikut seneng. Sekarang ditambah pohon kurma ditanam disini.
Masjid Agung Jawa Tengah (MAJT),Uyunul Ilmi,5.0,"Trip bersama kalian, menjadi akhir tahun yang menyenangkan... . . . Tempatnya luas, bersih, terawat dan kaya akan sejarah Islamnya."
Masjid Agung Jawa Tengah (MAJT),Eko Fajar,5.0,"Salah satu masjid terbesar di Jawa Tengah dan masjid kebanggaan umat muslim di Jawa Tengah. Masjid luas, selalu menjadi tujuan wisata dari luar daerah juga. Minggu pagi banyak orang berolahraga disini. Juga banyak pedagang yang menjajakan dagangannya di depan masjid kalau Minggu pagi."
Masjid Agung Jawa Tengah (MAJT),ahmad mabruri (Bruri bin Ahmad),4.0,"""Dari semua yang ada dalam area Masjid memang begitu megah, mungkin untuk rutinitas perawatan halaman Masjid bagian atas, taman dan ruang parkir dalam, mohon agar lebih di perhatikan lagi..."
Masjid Agung Jawa Tengah (MAJT),Alvin Herdiansyah,5.0,Masjid besar di Jawa Tengah. Bisa menampung banyak umat muslim yang ingin beribadah atau pun sekedar ingin berwisata melihat kemegahan masjid ini. Terdapat menara pantau dan museum masjid yang bisa dikunjungi untuk para wisatawan yang datang berkunjung. Masjid ini terbuka untuk umum yang ingin beribadah ataupun hanya sekedar ingin berwisata untuk mengambil foto.
Masjid Agung Jawa Tengah (MAJT),Satria Jack,5.0,Recomended kawanğŸ‘ğŸ‘Tempatnya enak buat ajak si kecil liburan skalian mengenalkan agama buat si kecil.masjid agung JossğŸ‘ğŸ‘ deh pokoknya
Masjid Agung Jawa Tengah (MAJT),martha Candra Riadita,5.0,"beberapa hari yng lalu kesini nganter anak , ada wisata religi dari sekolah . luas bgt , kmaren kesana nggak terlalu panas cuacanya . ada kantin kalo mau nyari kopi , minum, es atau sekedar cemilan . kamar mandi ada , parkiran luas , bersih . kmaren naik menara per org 10rb ."
Masjid Agung Jawa Tengah (MAJT),Kelik Ayah Razan - Zhafran,5.0,"Luar biasa luas nya, ada payung raksasa nya seperti di Masjid Nabawi.Semoga dapat membawa barokah"
Masjid Agung Jawa Tengah (MAJT),Noeroel Mustofa,5.0,"Masjid Agung Jawa Tengah masjid kebanggaan warga Semarang, tempatnya luas, besar, parkiran sangat luas. Jujukan para peziarah dari luar daerah."
Masjid Agung Jawa Tengah (MAJT),KHULAFAUR ROSYIDIN,5.0,"Nyaman, luas dan bersih - menyimpan Al Quran raksasa - bedug besar - banyak orang yg berjualan sofnir"
Masjid Agung Jawa Tengah (MAJT),Andre Fossil,5.0,"Hallo!! Nama saya andrefossil, Google reviewer level 6, dengan badge sebagai local guide..semoga review saya membantu teman teman semua yang membutuhkan informasi tempat yang akan teman teman kunjungi... feel free for ask. Ini keempat kalinya saya berkunjung ke Masjid Agung Jawa Tengah (MAJT) yang merupakan Masjid terbesar yang berada dijawa tengah, buat teman teman yang berwisata disemarang jangan lupa untuk mampir atau memasukan MAJT ke daftar kunjungan kalian ke semarang. Area yang luas dengan ciri kas kaligrafi dan exterior tiang didepannya menjadikan MAJT sebagai salah satu obyek destinasi wisata religi di kota semarang yang banyak dikunjungi. Teman teman juga bisa melihat kemegahan Masjid Agung disaat payung raksasa terbuka lebar, walau tidak setiap hari dibuka, teman teman akan merasa beruntung jika melihatnya. Buat teman teman yang berkunjung baik yang beribadah ataupun hanya sekedar berkunjung mohon untuk tetap menghormati dan menjaga Masjid agung sebagai tempat ibadah. Review will be update soon!"
Masjid Agung Jawa Tengah (MAJT),Emm,5.0,Berkunjung hari Jumat pagi dan mendapati momen 4 payung hidrolik dari 6 yang ada di pelatarannya terbuka.Kawasan masjid sangat luas.
Masjid Agung Jawa Tengah (MAJT),Yanti Ahmad,5.0,"Kesini karena ada acara kondangan....Aulanya besar...jadi nyaman jg untuk acara....banyak aula yg disewakan...jadi hati"" sblum masuk ke ruang resepsi..lihat nama pengantin yg tertulis di depan...."
Masjid Agung Jawa Tengah (MAJT),mbah atawai,5.0,"Masjid yang keren, parkir luas. Ada warung dan jajanan di dalam area. Buat jogging dan bersepeda juga oke. Dan yang paling unik terdapat menara pandang setinggi 100m , dengan tiket masuk 10.000 anda dapat melihat kondisi kota semarang dari ketinggian."
Masjid Agung Jawa Tengah (MAJT),Fauziah Yasmine Yuzi,5.0,"Akhirnya kesampaian mengunjungi mesjid ini. Luas sekali mesjidnya, parkirannya. Bagus!"
Masjid Agung Jawa Tengah (MAJT),Yayuk Arara,5.0,Datang kedua kalinya. Sy suka suasananya enak..arsitektur masjid Agung bagus sayang sy blm bisa melihat saat payung dibuka
Masjid Agung Jawa Tengah (MAJT),Ary Emawati B.P,5.0,"Alhamdulilah bisa menginjakkan kaki di Masjid Agung terbesar di Jawa Tengah, so amazing sih... Tempatnya bersih sekali nyaman, dan membawa anak2 tentunya dijamin menyenangkan. Parkirnya juga luas.."
Masjid Agung Jawa Tengah (MAJT),Ayu Primanda,4.0,"Sudah dua kali solat disini pas dhuhur dan jumatan. Dua2nya pas solat terasa panas dan gerah bgt didalam (utk jamaah perempuan) Tidak ada ac atau kipas yg tersedia, jadi setelah solat, jamaah langsung bubar krn emang sumuk bgt kl berdekatan. Saya juga coba naik ke Menara dengan tiket 10rb sudah bisa lihat pemandangan Semarang dari atas menara. Jangan lupa mampir ke museumnya"
Masjid Agung Jawa Tengah (MAJT),Wawan Azka,5.0,"Indahnya mendekat kepada yang maha kuasa, banyak sejarah yang harus d ambil hikmahnyaa"
Masjid Islamic Centre,Puspito Joko,5.0,Masjid yang nyaman untuk ibadah sholat dan nyaman untuk istirahat perjalanan. Fasilitas lengkap dan bersih. Terima kasih untuk pengurus dan takmir masjid Produsen Beras Organik Karanganyar 0812-2514-0374
Masjid Islamic Centre,Enita Esha,5.0,Tempatnya sejuk.. tempat wudhu putri dan putra dipisah.. tempat sholat putri di lantai 2 (hari biasa).. ada sekatnya dengan putra.. halaman parkir luas
Masjid Islamic Centre,Mia Mia,5.0,Masjid yg luas dalamnya Luas area parkirnya Tempatnya bersih Banyak para musafir yg beribadah dan beristirahat disini . Barokalloh
Masjid Islamic Centre,Nurul Aini Fadilah,4.0,"Masjidnya luas, bersih, tersedia mukenah juga untuk digunakan. Tempat wudhu dan toilet juga banyak, jadi tidak perlu antre di hari biasa. Ada di kawasan yayasan pendidikan H. Isriati, islamic center yang biasa digunakan sebagai asrama haji. Sholat di sini nyaman sekali karena suasana teduh, adem, dan tenang. Parkir juga luas, kalau bepergian lewat sini dan kebetulan mau sholat bisa berkunjung, hati-hati karena bikin betah berlama-lama di dalam."
Masjid Islamic Centre,Kencana Kurniawan,2.0,"Bangunan dekat replika kabah, serem, outdoor unit AC di lantai 2 (or 3 ya?) menggantung hanya dengan label & piping gara2 supportnya lepas.. mugo2 ora nibani wong"
Masjid Islamic Centre,Arsyadani Robby,5.0,Masjid pembangunan dari jaman masih SD sampai nikah resepsi dmasjid ini.. Alhamdulillah semakin baik fasilitasnya
Masjid Islamic Centre,rohmat arhadi,5.0,"Sangat nyaman, protocol covid-19 Masih di terapkan dengan baik"
Masjid Islamic Centre,Damas Trisna,5.0,"Masjid di kompleks islamic centre yang cukup luas dan megah.. nyaman untuk beribadah.. selain untuk beribadah, banyak kegiatan keagamaan"
Masjid Islamic Centre,Panti Asuhan Sunan Bonang,5.0,Masjid nya luas nyaman istimewa
Masjid Islamic Centre,Novia Rochmawati,4.0,Masjidnya bagus dan enak banget buat ibadah. Luas dan bersih
Masjid Islamic Centre,Isma YASIDS,5.0,Masjid yang bagus dan mewahBersih lingkungannyaTrmpatbparkir yang luasAda toilet
Masjid Islamic Centre,Agung Setyawan (Mountain Wind),5.0,"Masjid yang Luas dan nyaman, bisa beribadah dengan nyaman dan tenang juga. Letaknya yang berada di Islamic Centre Semarang menambah kenyamanannya"
Masjid Islamic Centre,Zen Lahat,5.0,Tempat bersih. Parkir luas. Toilet banyak dan bersih.
Masjid Islamic Centre,Yuda Karingga,4.0,"Masjid yang berada di Komplek Islamic Center Semarang. Parkir luas,namun kondisi masjid kurang terawat,banyak sarang laba2 di plafond. Sebaiknya kebersihan menjadi sebagian dari iman."
Masjid Islamic Centre,Ganbatte Qudasae,5.0,"Yang mau beribadah sholat di daerah kalipancur & sekitarnya bisa mampir ke masjid Islamic centre guys,"
Masjid Islamic Centre,Dwi Aryantos,4.0,"Sepi kegiatan, padahal dekat dng asrama haji loh..,Banyakin acaraÂ² dong, lokasi bagus ,strategis, jg bisa menampung banyak jamaah.BenarÂ² jadikan ""centre"" kegiatan umat islam semarang, bukan sekedar nama"
Masjid Islamic Centre,Hariyono 1974,4.0,Untuk kegiatan keagamaan dan juga buat olah raga ringan
Masjid Islamic Centre,Fajar Arifiyanto,5.0,Masjid yanh luas dan nyaman.
Masjid Islamic Centre,confirm arise,5.0,"masjid yg bersih, nyaman dan sejuk"
Masjid Islamic Centre,Ha222is25artika,5.0,hampir setiap siang mampir sini setelah mengisi perut d sate ponorogo pak eko... memang parkiran terlihat gersang...tp klo udh d masjid..beuhhh..ademmmm... suara burung emprit jg menenangkan pikiran...utk istrht siang..sngat nyaman..bs bablas ktudran..hehe
Masjid Islamic Centre,Puri Purnomo,5.0,"Masjidnya luas & parkiran jg luas bgt bs menampung rombongan bus"" ziarah yg sekedar ingin mampir sholat ğŸ™ğŸ™"
Masjid Islamic Centre,Bayu Prihantoro,5.0,"Masjid bagus, halamannya luas"
Masjid Islamic Centre,Safrudin Brewok,5.0,Bersih dan luas. Masya Alloh
Masjid Islamic Centre,6894-Widya Lestari,5.0,"Cukup bersih, relatif sepi."
Masjid Islamic Centre,Moch Ichwan,5.0,"Masjid besar terdekat dengan rumah, luas muat banyak jamaah, imam masjidnya merdu bacaan doanya bikin lebih khusuk sholatnya"
Masjid Islamic Centre,Abdul Halim Sujiyanto,5.0,Bersih... Tertib... Mengikuti protokol kesehatan...
Masjid Islamic Centre,Sahiq Asrofi,5.0,Saya pertama kali ke sini mengikuti acara gambang syafaat. Tempatnya luas.
Masjid Islamic Centre,Citra Rezha,5.0,"Masjid gede perlu ditambah fasilitas lain sperti tempat main utk anak Di parkiran, penutup atap bagi motor atau tempat wudlu yg lebih terbuka"
Masjid Islamic Centre,Adi Susilo,5.0,Luas parkirnya
Masjid Islamic Centre,zaenal arifin,5.0,"Masjid yg besar megah komplit dengan ruang pertemuan majlis,dan yg terpenting bersih dan terjaganya kesucian di depan toilet,dengan di buatnya bak air yg berukuran lebih 2 kulah..sayang aku lupa memotret bak airnya ğŸ˜…ğŸ˜…"
Masjid Islamic Centre,Gianto Foto,4.0,"Masjid nya adem luas,parkir jg luas tepi jl.Raya,pokok e enak sholatnya tenang,sayang suod sestemnya krg memndukung,jk ada dermawan yg mau membantu....?."
Masjid Islamic Centre,Sita Putri,5.0,Masjidnya bagus..luas..tp agak singup di tempat wudlu dan toiletnya..apalagi pas taraweh ğŸ˜°
Masjid Islamic Centre,Amin Muttaqin,5.0,Besar luas dekat dg actifitas keseharian
Masjid Islamic Centre,Sigit Ari,5.0,Mampir sholat berjamaah....
Masjid Islamic Centre,Al 92,5.0,Tempatnya luas bnget
Masjid Islamic Centre,Djoko Martono,3.0,"Tempatnya lumayan besar, cuma klo pas sholat dhuhur bareng anak-anak sekolah, agak kurang tenang"
Masjid Islamic Centre,Tjahjoto Tjahjoto,5.0,Masjid sangat bagus dan besar di komplek Islamic center semarang. sangat membanggakan umat islam untuk beribadah dan kegiatan islam di masjid ini. Semoga Alloh memberkahi semua jama ah yang beribadah di masjid ini
Masjid Islamic Centre,DARUL KAILAANI,5.0,Nongkrong tempat luas
Masjid Islamic Centre,Edyyul 76,5.0,"Masjid yg besar dan luas, satu lokasi dengan Islamic center , yayasan pendidikan Isriati, dan asrama haji."
Masjid Islamic Centre,susilo silo,5.0,"Buat sholat Jum,at tempat nya bagus dan gede"
Masjid Islamic Centre,Rizki Fitriana9A,5.0,"Masjid yg sangat Megah dan indah, disinilah saya mempunyai sebuah kenangan yg tdk akan terlupakan :) pertama kali masuk di Masjid ini, saat mengikuti lomba yg diadakan oleh Islamic Centre"
Masjid Islamic Centre,Roro Susanti,5.0,"Masjid yang baguss, menenangkan, dan aktif di pakai untuk ibadah.."
Masjid Islamic Centre,Raasyaa Pramudyaa,5.0,"Solat disini, rasanya adem banget, segar sekali,, alhamdulillah"
Masjid Islamic Centre,Awan Aprilino,5.0,"Adem, luas, cukup terbuka, parkir luas"
Masjid Islamic Centre,Ahmad Dinansyah,5.0,Masjid yang besar dan luas. Cukup nyaman untuk beribadah. tempat parkir juga luas.
Masjid Islamic Centre,Nur Hamidin,5.0,"Masjid islamic center Semarang, tempatnya sangat cocok utk bermunajad kpd sang pencipta"
Masjid Islamic Centre,Husni Mubarok,5.0,Tempat ibadah yang nyaman
Masjid Islamic Centre,Winny R. Maulana,5.0,"Parkir luas, dalam masjid buat solat jg luas. Sukak !"
Masjid Islamic Centre,Sylvi Lorens,5.0,Masjid yang terletak di manyaran yang luas dan asri. Perawatan bagus dan parkir mudah.
Masjid Islamic Centre,Wachid Fuady,3.0,Masjid yg bagus dan nyaman u ntuk Ibadah
Masjid Islamic Centre,husnan ganteng,5.0,"Alhamdulillah.... ibadah disini ğŸ‘ğŸ‘ğŸ‘Tempat mudah dijangkau, pakiran luas, sarana ibadahnya baik ..... jozzzz ghandossss tempatnya ğŸ‘ğŸ‘ğŸ‘ğŸ‘"
Masjid Islamic Centre,Muhammad Farhan,5.0,"Tempat ibadah yang nyaman, adem, bikin tenang"
Masjid Islamic Centre,Masayu Mahesti,5.0,"Masjid yang luas, dengan arsitektur Jawa modern, bersih dan tertata rapi."
Masjid Islamic Centre,wasis mulato,5.0,Masya Alloh...jamaah banyak...tapi masih lega saja...
Masjid Islamic Centre,ludfi 4554,5.0,"Tempat ibadah luas, tempat parkirnya juga luas"
Masjid Islamic Centre,Nabil Assaidi,5.0,Bagus sekali
Masjid Islamic Centre,Faishol Faishol,4.0,"Masjidnya besar dan bersih , interiornya bagus"
Masjid Islamic Centre,Meneer Ihsan,5.0,"bersih, nyaman, tenang"
Masjid Islamic Centre,Agus Tantowi,5.0,"parkir luas, prokes, nyaman"
Masjid Islamic Centre,ahmad muntakhib,5.0,Tempat belajar
Masjid Islamic Centre,Hanif Faizar,3.0,"Saat wudlu air kran yang keluar hanya beberapa saja,mohon diperbaiki, terimakasih"
Masjid Islamic Centre,Franky Erfansyah,4.0,"Semoga warga sekitar banyak yang memakmurkan masjidnya,"
Masjid Islamic Centre,Sundoro Lilik,5.0,Masjidnya besar.. Parkirannya jg luas.
Masjid Islamic Centre,Bambang Yuliyanto,4.0,"Enak buat shalat, teduh tempat nya"
Masjid Islamic Centre,Nanang Fajrin,4.0,Masjidnya besar dan juga bersih parkiran juga luas
Masjid Islamic Centre,anjar Brahma,4.0,Sering sholat jumat disini
Masjid Islamic Centre,Ibu Suparti,5.0,Nyaman
Masjid Islamic Centre,isma saqila,5.0,ada mini kaba bisa dijadikan manasik ğŸ’™
Masjid Islamic Centre,Priyo Pambudi,5.0,Sholat dhuhur di Masjid Islamic Center
Masjid Islamic Centre,amien fidmatan,5.0,Baik
Masjid Islamic Centre,HAN'S PRO,5.0,masjid yg sangat nyaman aman ..
Masjid Islamic Centre,Depot ikan segar Pak gofur,5.0,Bagus besar bersih adem
Masjid Islamic Centre,Saefullah Ahmad Farouk,5.0,Tempatnya luas dan bersih
Masjid Islamic Centre,yupik astuti,5.0,Air bersih ok
Masjid Islamic Centre,Dadang Apriyanto,5.0,tempat parkir luas n nyaman coy
Masjid Islamic Centre,Nurseta Tatha,4.0,"Parkiran luas,nyaman"
Masjid Islamic Centre,ihsan giriwara,5.0,"Manasik Haji TK sesemarang, nemu a aka kecil yg sendang asyik menikmati eskrim"
Masjid Islamic Centre,Aji Anom,4.0,Tempat luwas dan bersih parkir juga luwas jadi gak bingung
Masjid Islamic Centre,Shelvy Verliantica,5.0,Masjid nya luas..bagus..parkiran luas
Masjid Islamic Centre,Saroja Apoteker,4.0,Masjid yang bagus namun sayang kurang terawat
Masjid Islamic Centre,Sulastri Lastri,2.0,Takmir masjid dan masyarakat sekitar kurang ramah
Masjid Islamic Centre,Sukma Wulandari,5.0,Tempat yang memorable dan bagian dari perjalanan hidup
Masjid Islamic Centre,junait ok,5.0,Masjid terbesar didekat rumah ku
Masjid Islamic Centre,Musdi Idsum,5.0,Tempat yg nyaman untuk beribadah
Masjid Islamic Centre,Semarang Website,5.0,Tenang dan luas
Masjid Islamic Centre,Dian Puspita,4.0,tempat.nya bersih dan luas..ğŸ‘
Masjid Islamic Centre,aris o3d,4.0,Masjid agung islamic center yg nyaman untuk ibadah
Masjid Islamic Centre,Ibob Bdm,5.0,Adeemm.. sambil nunggu jpt anak plg sekolah
Masjid Islamic Centre,Saroji StudioInn,4.0,Tempat yg enak untuk acara resepsi
Masjid Islamic Centre,Muhammad Umar,4.0,Tempat nya luas dan nyaman
Masjid Islamic Centre,suhono kandri,5.0,Nyaman buat ibadah shalat
Masjid Islamic Centre,riukay,5.0,Tempat luas dan nyaman
Masjid Islamic Centre,Bagus Kemuning,5.0,Mantab sipp
Masjid Islamic Centre,Sportindo Pratama,5.0,Tempat sholat luas
Masjid Islamic Centre,Voodie Jane,5.0,Masjid besar dan bersih
Masjid Islamic Centre,aba kifah,5.0,Tempatnya nyaman untuk ibadah
Masjid Islamic Centre,Azhareno Utvi,5.0,"Parkir luas, bersih, nyaman"
Masjid Islamic Centre,operasional import,5.0,"Besar dan luas , tempat parkir juga luas"
Masjid Islamic Centre,wahyu tri hendarto,5.0,Nyaman untuk beribadah
Masjid Islamic Centre,alya Lavina____,5.0,Bagus dan dapat digunakan untuk shalat
Masjid Dawamul Ijthihad,Puri Purnomo,5.0,Masjid yang terletak di pinggir jalan dan mempunyai fasilitas lengkap serta parkir yang luas ğŸ™ğŸ™ğŸ‘ğŸ‘
Masjid Dawamul Ijthihad,Alam Barito,5.0,"Masjid bersih lengkap, tempat parkir luas, santai menyejukkan hati"
Masjid Dawamul Ijthihad,Bang Roey,4.0,Masjid yg bersih dan cukup luas untuk jamaah.. Pemandangan bukit gombel terlihat indah di malam hari ditambah dengan angin yg semilir.. toilet dan tempat wudhu juga terawat dan bersih..
Masjid Dawamul Ijthihad,andre santoso,5.0,"Masjid ini lokasinya strategis mudah dijangkau dekat dengan pemukiman dan kampus Akpol. Masjidnya bersih dan nyaman, tersedia juga lokasi parkir yang cukup memadai untuk mobil dan motor."
Masjid Dawamul Ijthihad,Setiawan Panzerfaust,5.0,Masjid besar adem..
Masjid Dawamul Ijthihad,Ahmad Said,5.0,Masjid luas ..tempat wudhu resik...pinggir jln raya.
Masjid Dawamul Ijthihad,Ernee Bazqie,5.0,"Suasananya Sejuk ,teduh, sangat nyaman"
Masjid Dawamul Ijthihad,jaka sembung,5.0,Nyaman untuk sholat
Masjid Dawamul Ijthihad,Wisnu Budiman,5.0,"Masjid yang sejuk, tempat wudhu dan toiletnya bersih. Parkir luas, serambi juga luas. Jangan lupa, ruangan ber AC"
Masjid Dawamul Ijthihad,Abdul Halim Sujiyanto,5.0,"DAWAMUL IJTIHAD Adalah masjid tertua di kampungku,yang ada di jalan Papandayan.Di masjid inilah aku dididik dan dibesarkan oleh orang tua serta para moyangku. Allahummaghfir lahum..... Tetaplah berjuang untuk kehidupan kita fiddin waddun-ya 'hattal ukhro... HUM FIHA ABADA..."
Masjid Dawamul Ijthihad,Mustofa al,5.0,Salah satu tempat ibadah yg ada Kel gajah Mungkur dan tempat ibadah ini mempunyai kenangan dan sejarah bagi saya Krn ketika lebaran dan sholat Jumat pasti di lakukan di tempat ini
Masjid Dawamul Ijthihad,Jamal Is Smile,5.0,Masjid terdekat dari kantor bawaslu provinsi jawa tengah. Masjid yg cukup luas untuk menampung jamaah shalat jumat. Masjidnya juga cukup bersih
Masjid Dawamul Ijthihad,rio pantura,5.0,"Nyaman, tentram, damai,"
Masjid Dawamul Ijthihad,Syafiq Asy Syifa,5.0,"Suasananya bernuansa pesantren,meski rta"" penduduk skitar masjid non muslim,tpi subhanallah,bnyak yg ghoiru muqim seperti para musafir yg sholat di masjid tersebut"
Masjid Dawamul Ijthihad,R. Andhika Budi Anggoro,5.0,Asik bertemu seorang bapak yang menginspirasi untuk selalu belajar Al-Qur'an dimasa tuanya.
Masjid Dawamul Ijthihad,Masoed Maksum / Oziel,5.0,"Masjidnya besar, halaman luas, serambinya juga lebar, tempatnya adem dan nyaman."
Masjid Dawamul Ijthihad,dariyo rio,5.0,Masjidnya bersih & tempat parkirnya juga luas
Masjid Dawamul Ijthihad,Taryo Kusumo,5.0,Bersih dan nyaman
Masjid Dawamul Ijthihad,Sugeng Murdowo,5.0,Monggo mampir sholat dan istirahat
Masjid Dawamul Ijthihad,soegy atmodjo,5.0,"Alhamdulillah bs sholat dhuhur..... Masjid bersih ,nyaman,tenang"
Masjid Dawamul Ijthihad,Mas Soet,5.0,Tempatnya bersih dan nyaman
Masjid Dawamul Ijthihad,ahmad mesa,5.0,"Adem, bersih, air jugaa lancar. Parkir luas"
Masjid Dawamul Ijthihad,AdhangS Sulistyono,5.0,Yg cari masjid di pinggir jalan papandayan bisa ke sini
Masjid Dawamul Ijthihad,Santry Bhodho,5.0,"Masjid yg teduh, salah satu masjid faforit utk sholat jumat yg berada di jl kawi"
Masjid Dawamul Ijthihad,Ilham fajar,5.0,Tempatnya nyaman
Masjid Dawamul Ijthihad,Aji Muhandoko,1.0,Terdapat dijalan papandayan arah ke sampangan kota semarang
Masjid Dawamul Ijthihad,Suko KarJEk'S,5.0,Sholat dengan khusus dan jangan lupa infaq yha
Masjid Dawamul Ijthihad,Abdul Ghofur,5.0,Disini sll ada kegiatan Al Khidmah
Masjid Dawamul Ijthihad,Sukis Yanto,5.0,Bagus tempat ibadah muslim
Masjid Dawamul Ijthihad,Belajar Bahagia,5.0,Masjidnya luas
Masjid Dawamul Ijthihad,Ahmad Nurkhin,5.0,Bersih dan nyaman.. parkir luas...
Masjid Dawamul Ijthihad,Blurryface Music,5.0,Masjidnya jendral vicky
Masjid Dawamul Ijthihad,XN World,5.0,Mampir solat kuy
Masjid Dawamul Ijthihad,Budi Setiawan,5.0,Tempat ibadah sholat
Masjid Dawamul Ijthihad,Frans Parlindungan,5.0,Nyaman buat beribadah
Masjid Dawamul Ijthihad,achmad maghfurin,5.0,Bersih banget tempat wudhu nya
Masjid Dawamul Ijthihad,wulansari dyahsetyowati,4.0,"Hanya lewat - Lokasinya adem, nyaman. Bersih pemeliharaannya ğŸ‘ğŸ‘"
Masjid Dawamul Ijthihad,Rizza Nur Arfi Saldi,5.0,"Sederhana, tp ttp khusu'"
Masjid Dawamul Ijthihad,FHRZ 1909,5.0,Solat jumat ada kampanye nya
Masjid Dawamul Ijthihad,Habib Romi,5.0,"Ayooo, memakmurkan Masjid Dengan Sholat Berjama'ah tepat waktu di Masjid"
Masjid Dawamul Ijthihad,muhyidin mr,5.0,"Adem,,parkir luas, bersih"
Masjid Dawamul Ijthihad,Dwi Cartoon,5.0,Adem dan tenang
Masjid Dawamul Ijthihad,Muhammad Abidien,5.0,Jama'ah rame
Masjid Dawamul Ijthihad,Aldi Putra Pratama,5.0,Anjay sholat
Masjid Dawamul Ijthihad,imam asad,5.0,Nyaman
Masjid Dawamul Ijthihad,Muhamad Rofingun,5.0,Lewat saja
Masjid Dawamul Ijthihad,Bocah Bagoes,5.0,Masjid luas dan bagus
Masjid Dawamul Ijthihad,Laily hanifah,5.0,Bersih. Nyaman
Masjid Dawamul Ijthihad,kiagus mz45,5.0,"Bersih, aman"
Masjid Dawamul Ijthihad,Ustat Rohmadi,5.0,Like oke
Masjid Dawamul Ijthihad,Andi Mardiyanto,5.0,Nyaman
Masjid Dawamul Ijthihad,Nurul Laelatul Q,5.0,Bagus nyaman
Masjid Dawamul Ijthihad,Mastur mastur,3.0,Lengkap
Masjid Dawamul Ijthihad,Fajar Setiawan,5.0,Adem
Masjid Dawamul Ijthihad,Reza Febrian,5.0,Adem
Masjid Dawamul Ijthihad,click sykes,5.0,sholat
Masjid Dawamul Ijthihad,Qoimun Qoimun,4.0,Tempat nyaman
Masjid Dawamul Ijthihad,Yuhan bin Yunan,5.0,(Diterjemahkan oleh Google) Alchamdulillah prokes nya berjalan dengan tertib..semoga Allah merahmati masjid dan jemaahnya.. (Asli) AlchamdulillÄh prokes nya berjalan dengan tertib.. semoga AllÄh berkahi takmir masjid dan jama'ahnya..
Masjid Dawamul Ijthihad,Pemuda Masa Depan,5.0,(Diterjemahkan oleh Google) Masjid yang bagus(Asli)Nice mosque
Masjid Dawamul Ijthihad,Noor Solichin alatperagasemarang,5.0,(Diterjemahkan oleh Google) Itu keren(Asli)Sejukkk
Masjid Dawamul Ijthihad,Agus Winarno,3.0,
Masjid Dawamul Ijthihad,Imam Taufiq,5.0,
Masjid Dawamul Ijthihad,Muhammad Imam Syafii (Barokah Boutique Syar'i),5.0,
Masjid Dawamul Ijthihad,Beny Arief Hidayat,5.0,
Masjid Dawamul Ijthihad,Vivii Lestarii,5.0,
Masjid Dawamul Ijthihad,Syakir2anya Fauzia,3.0,
Masjid Dawamul Ijthihad,firman syah,3.0,
Masjid Dawamul Ijthihad,prabu kuncoro,4.0,
Masjid Dawamul Ijthihad,Meliyana Faadhilah,5.0,
Masjid Dawamul Ijthihad,Ganes Wijati,5.0,
Masjid Dawamul Ijthihad,Joko Antoro,5.0,
Masjid Dawamul Ijthihad,Tutus Sektiawan,3.0,
Masjid Dawamul Ijthihad,andika cahyo,4.0,
Masjid Dawamul Ijthihad,badrut tamam,5.0,
Masjid Dawamul Ijthihad,Dhimas Gendut,5.0,
Masjid Dawamul Ijthihad,Arzain Family Channel,4.0,
Masjid Dawamul Ijthihad,Ahmad Soekamto,5.0,
Masjid Dawamul Ijthihad,Vicky Bramantiya,5.0,
Masjid Dawamul Ijthihad,Mus Taqim,5.0,
Masjid Dawamul Ijthihad,Alham Tetra,5.0,
Masjid Dawamul Ijthihad,aris sn,5.0,
Masjid Dawamul Ijthihad,Wildan Attoriq,5.0,
Masjid Dawamul Ijthihad,Helmy Novian Ekaputra,5.0,
Masjid Dawamul Ijthihad,chandra bakry,4.0,
Masjid Dawamul Ijthihad,asus rog,5.0,
Masjid Dawamul Ijthihad,Dani Setiawan,5.0,
Masjid Dawamul Ijthihad,Agung Rahmad,5.0,
Masjid Dawamul Ijthihad,Benny Siswanto,5.0,
Masjid Dawamul Ijthihad,Zacka Zacky,4.0,
Masjid Dawamul Ijthihad,cocho gaming,5.0,
Masjid Dawamul Ijthihad,ARI BOWO,5.0,
Masjid Dawamul Ijthihad,Kitto Kitto,5.0,
Masjid Dawamul Ijthihad,Muhammad Ulinnuha,5.0,
Masjid Dawamul Ijthihad,Oxa Dann,5.0,
Masjid Dawamul Ijthihad,yudiar alwan1972,5.0,
Masjid Dawamul Ijthihad,Risna Ayu,5.0,
Masjid Dawamul Ijthihad,Slamet Kabeh,5.0,
Masjid Dawamul Ijthihad,Anggit Riskianto,5.0,
Masjid Dawamul Ijthihad,Setiyono Budhi,3.0,
Masjid Dawamul Ijthihad,Ikhsan wahyudi,5.0,
Masjid Al Jauhari,S. Rohma Styani,5.0,"Strategis, masjid bagus dan indah, kebersihan dalam masjid juga oke, mukena juga wangi, bersih, all oke untuk beribadah.."
Masjid Al Jauhari,Setiawan Panzerfaust,5.0,"Suasananya sangat tenang & adem, sholat bisa sekalian ngadem istirahat8 Mei 2020 masjid sementara tanpa karpet di tengah pandemi virus covid19 dunia"
Masjid Al Jauhari,Kiki Maliana,5.0,"Masjid yang dekat dengan RS Elisabeth dengan parkir luas dan tempat wudhu yang banyak, kamar mandi dan kawasan masjid bersih, mukena dan sajadah yang dipinjamkan bersih dan wangi. Akses ke masjid mudah karena terletak di pinggir jalan raya, nyaman untuk beribadah."
Masjid Al Jauhari,Sumanto Tirtowijoyo,5.0,"Bagi saudaraku yg sedang berkunjung di rumah sakit elisabeth semarang, jika hendak sholat disini, dekat dg rumah sakit, tempat parkir cukup nyaman dan aman...."
Masjid Al Jauhari,Amrullah Ahmad,5.0,"Masjid bersih, nyaman dan ramah pengunjung. Lokasi tepat dipinggir jalan raya, cukup strategis karena dekat rumah sakit. Tapi suasananya tenang."
Masjid Al Jauhari,Istifah Kc,5.0,"Masjidnya bersih, nyaman , dengan tempat wudhu terpisah, dan batasan shalat utk akhwat terjaga (tirai pembatas tinggi ) dr pandangan ikhwan."
Masjid Al Jauhari,Soepriyadi Soepriyadi,4.0,masjid pinggir jalan utama.ok
Masjid Al Jauhari,tegar ridho,5.0,"Masjid kereeenn, selalu bersih dan rapi. Menjadi pilihan tempat beribadah untuk masyarakat sekitar maupun mereka yang sedang dalam perjalanan.Di kompleks masjid juga didirikan Taman Pendidikan Qur'an Al-Furqon dan TK Islam Permata II, dibawah pengelolaan Yayasan Walisongo Semarang."
Masjid Al Jauhari,Veri Nugraha,5.0,#semangat buat bapak security yg senantiasa penuh ikhlas menjaga mtr dan barang bawaan jamaah
Masjid Al Jauhari,Mukti Nugroho,5.0,"masjid yg asri ,tenpat sholat bersih tempat wudlu tolong di keramik putih biar kelihatan bersih"
Masjid Al Jauhari,Ara wardhana,5.0,"Masjid yg tertib peraturannya, kebersihan sangat di jaga, rukuh yg di pinjamkan masih bagus sekali kondisinya, di sediakan kulkas jika ingin minum air mineral"
Masjid Al Jauhari,Muhammad Khusen,5.0,"Bersih, rapi dan nyaman"
Masjid Al Jauhari,Panggih Suharjo,5.0,Kalau Jum'at sholat Jum'at di sini
Masjid Al Jauhari,Sudarsono Sudarsono,5.0,"Masjidnya bagus, pas di pinggir jalan, halamannya teduh, ada sekolah TK nya. Di masjid juga ada kuskasnya yg berisi air minum mineral gelas gratis"
Masjid Al Jauhari,Firdaus Firdian,5.0,"Masjidnya ada di sepanjang jalan kawi. Jadi sangat strategis sekali. Tempatnya adem, nyaman. Fasilitas ibadah juga komplit. Cocok buat sholat jika diperjalanan."
Masjid Al Jauhari,Edhi Joko P,5.0,"Masjid nyaman, parkir tidak relatif luas, Yayasan Walisongo"
Masjid Al Jauhari,agus haryanto,4.0,"Area masjid yang nyaman. Parkir teduh bikin betah. Ciri bangunan di lereng bukit pasti ada tangganya. Satu area dengan TK Islam Permata II. Dibawah Yayasan ""Walisongo"" Semarang."
Masjid Al Jauhari,Gitsu XXI,5.0,Semarang bawah dari serambi masjid.
Masjid Al Jauhari,Nini Ariany,5.0,"Lokasi strategis, dekat RS Elisabeth"
Masjid Al Jauhari,SALSABILA IZZAIHA KHAIRUNNISA,5.0,"Alhamdulillah.. kalau pas mampir sholat di Masjid Al Jauhari.., Masjid nya selalu bersih.. Bpk petugas parkir nya ramah... ğŸ˜Š Terima kasih.."
Masjid Al Jauhari,ardy wazza,5.0,Tempatnya ternyaman di dunia.
Masjid Al Jauhari,Arief Wisuda,5.0,"Nyaman untuk iktikaf, pemandangan ke kota bawah nya tak kalah bagusnya"
Masjid Al Jauhari,Dina Novita,5.0,Banyak orang yang mampir sholat disini kebanyakan orang luar kota. Sama pekerja yang ada di sekitar masjid. Disini kegiatan keagamaan sangat sering diadakan
Masjid Al Jauhari,JUMANAN JUMANAN,4.0,Saya kadang mampir utk ibadah sholat ashar kalo pas lwt situ keliatannya aman dan nyaman sih
Masjid Al Jauhari,Vida Anastasya,5.0,"Masjid yang dekat dengan RS Elisabeth dengan parkir luas dan tempat wudhu yang banyak, kamar mandi dan kawasan masjid bersih, mukena dan sajadah yang dipinjamkan bersih dan wangi. Akses ke masjid mudah karena terletak di pinggir jalan raya, nyaman untuk beribadah."
Masjid Al Jauhari,Denny ari Kurniawan,3.0,"Manjidnya bagus, tp jammaah sangat kurang, kenapa y?"
Masjid Al Jauhari,Agung Wahyu Utomo,5.0,Masjid yang nyaman
Masjid Al Jauhari,nugroho kristyanto,5.0,"Masjidnya bersih, nyaman, parkir luas"
Masjid Al Jauhari,ihsan giriwara,5.0,"Pernah junatN disini, NYamN, asyik, Angin y kenceng jd semilir bikin ngantuk..Setelah jumTan dpt nasi kotak.. IbadH nyMN tenang pulang kenyang"
Masjid Al Jauhari,Purwanto Rizky trans movers,5.0,Mesjid nya bagus lokasi strategis pinggir jln raya banyuputih
Masjid Al Jauhari,Okky Darmawan,5.0,"Nyaman buat sholat, adem masjidnya dan bersih"
Masjid Al Jauhari,arifin khasan,5.0,"Bagi para musafir masjid ini recomended, lokasi strategis, nyaman, aman"
Masjid Al Jauhari,arifin khasan,5.0,"Lokasi strategis, nyaman di lingkungan yg asri, parkir luas, aman.."
Masjid Al Jauhari,marco novel,5.0,"Masjidnya enak,luas,sejuk,dan tempatnya strategis,buat sholat nyaman"
Masjid Al Jauhari,Turmudi Mohammad,5.0,Tempat yg sejuk nyaman utk ibadah sholat
Masjid Al Jauhari,Noorhadi Agung,5.0,bersih tempatnya nyaman utk ibadah
Masjid Al Jauhari,Zainal Abidin,5.0,Selalu ada pengajian di minggu legi...
Masjid Al Jauhari,cahya budi,5.0,"Bersih rapi nyaman, tempat sholat + numpang ""transit"" sebentar."
Masjid Al Jauhari,Tri j Anto,5.0,Tempatnya nyaman untuk ibadah dan sementara ini masih dlm tahap renovasi
Masjid Al Jauhari,Annisaa Udiyah,5.0,Menyediakan nasi box untuk jamaah sholat Jumat ğŸ‘
Masjid Al Jauhari,dessy heppy,5.0,"Strategis, ada sekolah TK dan TPQ, rukuh dan fasilitas baik. Parkir cukup."
Masjid Al Jauhari,Heru Priyo Digdo,4.0,"Masjidnya bagus bersih dan terawat, dekat dengan Rs. Elisabeth semarang"
Masjid Al Jauhari,supriyatno Nankd,5.0,Dekat jlan raya..suasana nyaman kebersihan masjid juga bagus
Masjid Al Jauhari,Nurhijrah Muhammad,5.0,"Mesjid yang dibangun dengan sangat IHSAN, perlu dicontoh oleh mesjid yang lain.."
Masjid Al Jauhari,Haryanto smg,5.0,Bagus masjidnya...bersihğŸ‘
Masjid Al Jauhari,Canya Kladesit,4.0,Masjid yg luas dengan dilengkapi taman pendidikan alquran
Masjid Al Jauhari,Andy Herawan,4.0,Tempat strategis... tempat wudhu kurang terawat
Masjid Al Jauhari,Duwi Utami,5.0,singgah sambil nunggu maghrib dan buka puasağŸ‘ğŸ»
Masjid Al Jauhari,khoirun nafiah,4.0,Bersih
Masjid Al Jauhari,Aries Setyo Nugroho,5.0,masjid favorit bila sholat jumat ni...
Masjid Al Jauhari,Anas Abdillah,5.0,Masjid yang nyaman
Masjid Al Jauhari,haryoko yoko,5.0,Nyaman jadi khusuk berdoa
Masjid Al Jauhari,Agus Winarno,3.0,"Bagus ruang sholatnya, dan lingkungan sekolaj"
Masjid Al Jauhari,asa modiste,5.0,Udah pake ac nyaman deh..
Masjid Al Jauhari,Mujayin Zien,5.0,Tempat sujud yg nyaman
Masjid Al Jauhari,Rjp Movers,5.0,Nyaman utk ibadah
Masjid Al Jauhari,Razakia Arifna,5.0,"bersih, nyaman, parkiran lumayan buat mobil"
Masjid Al Jauhari,Desty Duaide (DD),4.0,Alhamdulillah ada perbaruan dan tetap bersih n nyaman
Masjid Al Jauhari,Dwi Arif Wibowo,5.0,"Keren, mantap... Tempat ini cocok untuk sholat"
Masjid Al Jauhari,Budhi Yuwono,5.0,"Dekat dg rumah sakit, akses mudah dipinggir jalan raya"
Masjid Al Jauhari,Suwardi Wea Kissparry,5.0,"Nuzulul Quran 1440 malam tadi, dan hampir setiap minggu ketempat ini"
Masjid Al Jauhari,Moch Kusnul Hudha,5.0,Masjid yg Bagus dan nyaman
Masjid Al Jauhari,suah mad,3.0,Sekarang kq kyk gk keurus ya toilet nya
Masjid Al Jauhari,yuntoro 44,5.0,Letaknya strategis....dekat dng RS. Elizabeth semarang.
Masjid Al Jauhari,Abdul Munif,5.0,Tempatnya bersih ğŸ‘
Masjid Al Jauhari,Harsono Wuryanto,5.0,Semangat untuk belajar ngaji
Masjid Al Jauhari,Arman Asmara,5.0,28 Oktober 2016 JumatanSetahun yg lalu jg d sini
Masjid Al Jauhari,Gunawan,5.0,Sosial distancing saat ini terjaga.
Masjid Al Jauhari,siti rohma,5.0,Nyaman dan bersih
Masjid Al Jauhari,Zien Mujazin,5.0,Tempat bersih
Masjid Al Jauhari,Muhammad Zulman,5.0,Tempat enak mampir sholat.
Masjid Al Jauhari,Alvaro Anindito,3.0,Tempatnya nyaman
Masjid Al Jauhari,Kris Sudjianto,5.0,buat sholat nyaman dan kusuk
Masjid Al Jauhari,teguh prasetyo,5.0,Sejuk.. bersih... Nyaman
Masjid Al Jauhari,Deni Sohib,5.0,"nyaman, bersih..."
Masjid Al Jauhari,Eko Sunariyanto,5.0,Nyaman beribadah
Masjid Al Jauhari,ARDI YANTO,5.0,Bagus n nyaman
Masjid Al Jauhari,Rohan Raditya,5.0,Tempat ibadah yg strategis
Masjid Al Jauhari,Enda Farah,5.0,Adem dan asri
Masjid Al Jauhari,MAS KAZE,5.0,Tempanya nyaman dan pinggir jalan
Masjid Al Jauhari,Ardi Yanto,5.0,Nyaman untuk beribadah
Masjid Al Jauhari,Anton Kelvian,5.0,Wow beud
Masjid Al Jauhari,Muza Ed,5.0,Bersih.
Masjid Al Jauhari,Endra R,5.0,Masjid yang Bagus dan bersih..
Masjid Al Jauhari,junaedi abdullah,5.0,bersih dan rapi
Masjid Al Jauhari,putra7 chanel,5.0,Bersih dan nyaman
Masjid Al Jauhari,Michael Sebastian,5.0,Bersih dan nyaman
Masjid Al Jauhari,harjoko utomo,5.0,Mesjid sejarah masa kecil
Masjid Al Jauhari,Amon Sanusi,5.0,Bersih. Nyaman
Masjid Al Jauhari,Indah Sulistyowati,5.0,tempat sekolah anakku juga
Masjid Al Jauhari,Muhammad Dian Fathurrohman,5.0,Tempatnya nyaman
Masjid Al Jauhari,Sulistya Ferry Sudarsono,5.0,Bagus dan bersih
Masjid Al Jauhari,Sutrisno Nugroho,5.0,Ok bangeeettto
Masjid Al Jauhari,Andi Setiawan,5.0,sholat jamaah disini yuk!
Masjid Al Jauhari,arrie alwy,5.0,Tempatnya nyaman
Masjid Al Jauhari,Jasmani Thock,4.0,Singgah salat bersih
Masjid Al Jauhari,Djuprijadi,5.0,Bersih nyaman
Masjid Al Jauhari,Elmanida Shabira,5.0,Tempat meneduhkan hati
Masjid Al Jauhari,dedi rabbani,4.0,ğŸ‘ğŸ‘ğŸ‘
Masjid Al Jauhari,lustian taufik,5.0,nyaman tenang
Masjid Al Munir,Munawar Anwar,5.0,"Alhamdulillah tempatnya nyaman buat istirahat disela2 habis sholat, masjid yg welcome pd jamaah/musafir..jamaahnya ramah apalagi marboutnya smart...semoga ke depan bisa meningkatkan pelayanan umat dlm hal keilmuan agama dan sosial..aamiin"
Masjid Al Munir,endro satrio,5.0,"Masjid yg bagus.Ada lantai dua, besar, toilet, dan bisa untk naik kursi roda."
Masjid Al Munir,Setiawan Panzerfaust,5.0,"Masjid besar di tengah permukiman penduduk, untuk mobil ada kantong parkir dibawahnya 10 Juni 2020 Masjid sementara tanpa karpet ditengah pandemi covid19 dunia"
Masjid Al Munir,Arvin,5.0,"Masjidnya bersih dan besar, agak dekat dengan jalan raya, meskipun tidak dipinggir jalan persis, namun masih bisa dijangkau, agak susah untuk mobil masuk karena jalanan sempit, tapi tidak masalah jika menggunakan motor, masjid ini bertingkat dua, jadi dapat menampung banyak jamaah yang ingin melaksanakan ibadah"
Masjid Al Munir,Simpati Nusantara,5.0,"Halaman parkir sepeda motor ada atapnya, jadi adem tidak panas."
Masjid Al Munir,Diana Saptaningrum,5.0,Tiap minggu pagi sesudah sholat shubuh berjamaah ada tilawah 1 juz.
Masjid Al Munir,Fery Hadikarya,5.0,"Cukup nyaman masjidnya, bacaan imamnya juga enak sayang suara anak2 agak berisik"
Masjid Al Munir,Rivai Bachtiar,5.0,"Bisa sholat dan berdoa setelah adzan dengan tenang dan khusyuk, gak seperti di seberang, habis adzan malah mengeraskan bacaan pujian, hadeww padahal kan waktu antara adzan dan iqomah itu waktu yang mustajab. Gitu kan gaes.ğŸ˜€"
Masjid Al Munir,Ahmad Harris,5.0,"Nyaman buat beribadah sholat jamaah, imam nya enak suaranya dan Insyaallah hafid quran"
Masjid Al Munir,Abidos Muhammad,5.0,"Tempat ibadah yang nyaman, suasana tenang, parkir cukup luas hanya saja tidak terlihat dari jalan raya dan akses masuk menuju lokasi tidak begitu luas"
Masjid Al Munir,Panji Hendro Wibowo,5.0,Masjid nyaman Sepulang kerja untuk sholat berjamaah.
Masjid Al Munir,Khoirul Rosyd ansory,5.0,Tempat yg sejuk buat ibadah. Dan nyaman....
Masjid Al Munir,Yanu Riyanto,5.0,"Masjid yang lumayan Asri ,Tenang,cocok untuk mendukung ibadah lebih khusyuk"
Masjid Al Munir,andhy suryanto,5.0,"Nyaman, aman tentram buat beribadah"
Masjid Al Munir,Achmad Nurfaizin,5.0,Sejuk.......pelayanan jamaahnya josss bersih rapi ac
Masjid Al Munir,Muhammad Aunur Rofiq,5.0,Nyaman ruangannya
Masjid Al Munir,Umi Karni,5.0,Tempatnya bagus dan nyaman..
Masjid Al Munir,sabrina ardelia,5.0,"Rekomendasi, parkir luas dan tempat ibadah nyaman"
Masjid Al Munir,Madega's Corner,5.0,"enak bgt, ada acnya juga"
Masjid Al Munir,Ahmad Hidayatullah,3.0,Dalem nya adem tapi parkir kurang luas
Masjid Al Munir,Kafid Rahman,5.0,Suasana sangat nyaman utk ibadah
Masjid Al Munir,Ardi Yuda,5.0,"Tempat luas, parkir motor ada. Bersih"
Masjid Al Munir,Channel Kang Oji,5.0,Indah Masjid nya ada ac nya adem
Masjid Al Munir,Ery Wantoro,5.0,"Tempat nya nyaman & tenang, bersih"
Masjid Al Munir,Dodok Istiawan,5.0,"Tempat luas,,AC ada tempat parkir"
Masjid Al Munir,chandra Al hanan,5.0,Bersih. Marbot baik. Ramah
Masjid Al Munir,Ban Farhan,4.0,Warnanya bagus. Enak buat ibadah.
Masjid Al Munir,Indahsetyaramadani Ramadani,5.0,Nyamann sejuk
Masjid Al Munir,BUDUT TV,5.0,"Bagus, tenang dan nyaman"
Masjid Al Munir,Ihwan Gozali,5.0,Bersih
Masjid Al Munir,suharyono trijoko,3.0,Bersih tempatnya
Masjid Al Munir,Elmanida Shabira,5.0,"Surga dunia itu sederhana, ..sholat."
Masjid Al Munir,Humaira Methal Work,5.0,Bagus
Masjid Al Munir,Irsad Andriyanto,5.0,Mantap... Selalu berbenah.
Masjid Al Munir,Rendy Pp,5.0,ğŸ‘
Masjid Al Munir,Restu aditya,4.0,Keren sekali
Masjid Al Munir,Kusumawarti Mawardi,5.0,Bersih nyaman
Masjid Al Munir,Adi Kustono,5.0,Bersih..luas...
Masjid Al Munir,Rifqi Firdaus,5.0,"Bersih, nyaman"
Masjid Al Munir,Rahhutomo Setyadi,4.0,Adem...
Masjid Al Munir,wahyu tri hendarto,5.0,Masjid bagus
Masjid Al Munir,Eka Budi,4.0,Tenang dan bagus
Masjid Al Munir,Sukirman Sucipto,5.0,Bagus
Masjid Al Munir,Herry Kiswanto,5.0,Bagus
Masjid Al Munir,Guntur Dharmawan,5.0,Nyaman
Masjid Al Munir,Thianyong Yong,4.0,bersih
Masjid Al Munir,Muhammad Khoiron,3.0,Bagus
Masjid Al Munir,Suroso Basuki,5.0,Sop
Masjid Al Munir,look man,5.0,"bersih, bersih, bersih."
Masjid Al Munir,Dini Halimah,4.0,"(Diterjemahkan oleh Google) Imam baik-baik saja. Hafidz Al-Qur'an, disarankan bagi imam untuk menyesuaikan diri dengan kondisi masyarakat, jika ada orang lemah, orang sakit, atau anak-anak, dianjurkan untuk mengenang sholat. Ø¥Ø°Ø§ Ø£Ù… Ø£Ø­Ø¯ÙƒÙ… Ø§Ù„Ù†Ø§Ø³ ÙÙ„ÙŠØ®ÙÙ. ÙØ¥Ù† ÙÙŠÙ‡Ù… Ø§Ù„ØµØºÙŠØ± ÙˆØ§Ù„ÙƒØ¨ÙŠØ± ÙˆØ§Ù„Ø¶Ø¹ÙŠÙ ÙˆØ§Ù„Ù…Ø±ÙŠØ¶. ÙØ¥Ø°Ø§ ØµÙ„Ù‰ ÙˆØ­Ø¯Ù‡ ÙÙ„ÙŠØµÙ„ ÙƒÙŠÙ Ø´Ø§Ø¡ ""Jika salah satu dari Anda menjadi pendeta untuk satu orang, maka buatlah mudah untuk berdoa. Karena mereka ada anak-anak, orang tua, yang lemah dan yang sakit. Jika Anda berdoa sendiri, silakan berdoa sesuka hati Anda ""(HR. Al Bukhari 90, Muslim 467) (Asli) Imamnya oke.hafidz Al Qur'an.Dianjurkan bagi imam untuk menyesuaikan diri dengan kondisi makmum, jika terdapat orang yang lemah, orang sakit, atau anak-anak, dianjurkan untuk memperingan shalat. Ø¥Ø°Ø§ Ø£Ù…Ù‘Ù Ø£Ø­Ø¯ÙÙƒÙ… Ø§Ù„Ù†Ø§Ø³Ù ÙÙ„ÙŠØ®ÙÙ‘ÙÙÙ’ . ÙØ¥Ù† ÙÙŠÙ‡Ù… Ø§Ù„ØµØºÙŠØ±Ù ÙˆØ§Ù„ÙƒØ¨ÙŠØ±Ù ÙˆØ§Ù„Ø¶Ø¹ÙŠÙÙ ÙˆØ§Ù„Ù…Ø±ÙŠØ¶Ù . ÙØ¥Ø°Ø§ ØµÙ„Ù‘ÙÙ‰ ÙˆØ­Ø¯Ù‡ ÙÙ„ÙŠØµÙ„Ù‘Ù ÙƒÙŠÙ Ø´Ø§Ø¡ â€œJika salah seorang dari kalian menjadi imam bagi suatu kaum, maka permudahlah shalatnya. Karena di antara mereka ada anak kecil, orang tua, orang lemah dan orang sakit. Jika kalian shalat sendirian maka silakan shalat sebagaimana kalian mauâ€ (HR. Al Bukhari 90, Muslim 467)"
Masjid Al Munir,Yusuf Apriono,5.0,"Imamnya ust Muhammad Solichin, Hafizh Qur'an dan ahli fiqh.. maasyaallaah tabaarakallah"
Masjid Al Munir,nurul fitriani,5.0,(Diterjemahkan oleh Google) Masjidnya bersih dan bersih .. terima kasih atas semua uangnya (Asli) Masjidnya bersih nyaman..teimakasih segenap takmir
Masjid Al Munir,purwoko adi wibowo,5.0,"(Diterjemahkan oleh Google) masjidnya bersih, adem, imamnya hafidz, jamaahnya selalu ramai (Asli) masjid bersih, adem, imamnya hafidz, jamaah selalu ramai"
Masjid Al Munir,ahmad mesa,5.0,"(Diterjemahkan oleh Google) Adem, Air Bersih, Lancar(Asli)Adem, Bersih, Air Lancar"
Masjid Al Munir,Reva Dintha,5.0,"(Diterjemahkan oleh Google) Tempat yang bagus .. Bersih, wangi (Asli) Nice place.. Clean, smell good"
Masjid Al Munir,purwoko adi wibowo,5.0,"Imamnya Hafidz, bacaannya bagus"
Masjid Al Munir,Ezra Farid,5.0,(Diterjemahkan oleh Google) gaes keren(Asli)sejuk gaes
Masjid Al Munir,Bambang Irawan,5.0,Uwademmm
Masjid Al Munir,Muhammad Hammam Khathibi (Ham's),5.0,Anyesss
Masjid Al Munir,Ø¥Ø³Ù…Ø§Ø¹ÙŠÙ„ Ø¨Ù† Ø¹ÙŠØ³Ù‰,5.0,(Diterjemahkan oleh Google) Rumah dari rumah Tuhan(Asli)Ø¨ÙŠØª Ù…Ù† Ø¨ÙŠÙˆØª Ø§Ù„Ù„Ù‡
Masjid Al Munir,Ridho pangestuuu,5.0,(Diterjemahkan oleh Google) Tempat yang bagus.(Asli)good place.
Masjid Al Munir,Riyadhut Tholibin channel,5.0,(Diterjemahkan oleh Google) Terima kasih Tuhan(Asli)masyaallah
Masjid Al Munir,Rachmat Amir,5.0,Allahu Akbar
Masjid Al Munir,Laella,5.0,
Masjid Al Munir,Rio Wicaksono,5.0,
Masjid Al Munir,Ncep,4.0,
Masjid Al Munir,Gitsu XXI,5.0,
Masjid Al Munir,113-Salma Kurniyadi Pamungkas,5.0,
Masjid Al Munir,Q Qis,5.0,
Masjid Al Munir,Alif Dhanes,5.0,
Masjid Al Munir,widi tembalang,5.0,
Masjid Al Munir,Rika Heliana,5.0,
Masjid Al Munir,Sukaca 17,5.0,
Masjid Al Munir,slamet ari wibowo,5.0,
Masjid Al Munir,Nisrina Nur Fatimah,5.0,
Masjid Al Munir,Syabil Ghaisan Abimanyu,5.0,
Masjid Al Munir,Pras Tyo,5.0,
Masjid Al Munir,yuwono aji,5.0,
Masjid Al Munir,Hendarto Aji Wibowo,5.0,
Masjid Al Munir,Daania Syahira,4.0,
Masjid Al Munir,muhammad ikhsanudinharahab,5.0,
Masjid Al Munir,Adiat Nugroho,5.0,
Masjid Al Munir,Irvan Sheva,5.0,
Masjid Al Munir,pratiwi sudarmadji,5.0,
Masjid Al Munir,Dian Prasetyo,5.0,
Masjid Al Munir,Bung Jundan,5.0,
Masjid Al Munir,SatrioHK,5.0,
Masjid Al Munir,fauzan baihaqi,5.0,
Masjid Al Munir,Syifa A. Chairunnisa,5.0,
Masjid Al Munir,Asyhar Syururi,5.0,
Masjid Al Munir,Rasya Aditya,4.0,
Masjid Al Munir,Erny Retnosari,5.0,
Masjid Al Munir,Bayu Nugroho,5.0,
Masjid Al Munir,johan wahyudi,5.0,
Masjid Al Munir,Rizky Agung,5.0,
Masjid Al Munir,uzwa khazanah,4.0,
Masjid Al Munir,Kurmalicious Drink,5.0,
Masjid Al Munir,sada dintha,5.0,
Masjid Al Munir,Temmy Ardianto,5.0,
Masjid Al Munir,Santiasih 86,5.0,
Masjid Al Madani,Munadhia,5.0,Nyaman untuk sholat. Pastikan barang dan motor anda aman yaa kalau parkir disini. Jangan ada barang berharga yang tertinggal di motor.
Masjid Al Madani,Slamet Mulyono,5.0,"Alhamdilillah, wasyukurillah masjid ini menjalankan dakwah pelayanan kepada umat islam, bebas asal sopan, mau tidur, makan didalam madjid juga boleh, mengusung dan mencontoh masjid nabawi, dibuka 24 jam."
Masjid Al Madani,Nisa sari,5.0,"Masjid yang berada di dalam perumahan, untuk parkiran luas, dapat menampung cukup banyak jamaah"
Masjid Al Madani,Setiawan Panzerfaust,5.0,AdemmmTenangParkir Luas
Masjid Al Madani,swasana rental,1.0,"Satu satunya masjid yg kalo saya mau ke toilet buru buru di kunci pintu besinya sama petugas kebersihanya,sy juga ga faham tuh alasanya apa tdk tau kalo yg lain pas pengin buang air kecil atao apa ke wc mungkin ada yg sama ngalami kaya saya juga."
Masjid Al Madani,Sang Visioner,5.0,"Masjid yg berada di ujung selatan perumahan Semarang Indah ini, sangat memberi sarana tepat buat Ibadah sholat dan para pelintas jalan"
Masjid Al Madani,Agus Suprapto,5.0,"Masjid dengan parkir luas,adem dan nyaman. Area dekat dengan pujasera Semarang indah. Jadi beribadah sekalian wisata kuliner"
Masjid Al Madani,Paulus Santoso,4.0,"Tempat tenang , nyaman, bisa khusuk beribadah."
Masjid Al Madani,big bro,3.0,"bersih, parkir luas, adem kalau siang, banyak warug disekitar masjid"
Masjid Al Madani,MLuthfi Kurniawan,5.0,Mesjid nya adem
Masjid Al Madani,Charis Masruchin,5.0,"Nyaman untuk ibadah, parkiran lumayan luas, ada toilet bersih"
Masjid Al Madani,Adi Susilo,5.0,Depan masjid ada kulinernya cocok utk mkn siang habis luhuran.
Masjid Al Madani,ketut aryana,4.0,Perlu uluran dermawan untuk lebih meningkatkan kenyamanan masjid
Masjid Al Madani,Nadvira Channel,5.0,Tempat ibadah umat islam
Masjid Al Madani,Surono Kendal,5.0,Lumayan bagus dan cocok untuk beribadah
Masjid Al Madani,Mas Wawan,5.0,Belum ada AC nya
Masjid Al Madani,akmal ardiansyah,5.0,Tempatnya nyaman
Masjid Al Madani,yoyok Inta,5.0,Lokasi dekat dg tempat kerja.
Masjid Al Madani,Mister Teo,5.0,Adem sholat bisa khusuk
Masjid Al Madani,abu ahmad,5.0,Good...friendly....just do da'wah....
Masjid Al Madani,blank blenk,5.0,Ada kultum setelah sholat
Masjid Al Madani,abu muhammad Abdul hafizh al mu'tashim,4.0,T4 sholat favorit
Masjid Al Madani,Kurniawan Febria,5.0,Rumah ibadah selalu indah
Masjid Al Madani,Ariska Effendi,5.0,Rumah ku
Masjid Al Madani,Cipto Gumilar,5.0,Bersih nyaman
Masjid Al Madani,Samsul Maarif,5.0,Nyaman
Masjid Al Madani,Roy,5.0,Bersih nyaman
Masjid Al Madani,Totok Setia Budi,5.0,"Bersih, bagus..."
Masjid Al Madani,MAS beton,5.0,Bersih...
Masjid Al Madani,Ù…Ø­Ù…Ø¯ Ø²ÙŠÙ† Ø§Ù„Ø¹Ø§Ø¨Ø¯ÙŠÙ†,5.0,Bagus
Masjid Al Madani,Hanafi Faqod,5.0,Nyaman
Masjid Al Madani,ulunk,4.0,Bagus
Masjid Al Madani,Inspirasi Keluarga Muslim Indonesia,3.0,Baitulloh
Masjid Al Madani,Harris Cahyono,3.0,Ibadah
Masjid Al Madani,MJA,5.0,Masjid Bagus
Masjid Al Madani,Hafidz Makarim,5.0,(Diterjemahkan oleh Google) Keren dan teduh(Asli)Sejuk dan rindang
Masjid Al Madani,Afri Yanti,5.0,(Diterjemahkan oleh Google) Oke(Asli)Ok
Masjid Al Madani,Mukty Aly Rajha,5.0,Masjidnya bersih
Masjid Al Madani,musa paradisiasa,5.0,(Diterjemahkan oleh Google) Atas(Asli)Top
Masjid Al Madani,Jtaufiqur Rohman,5.0,Alhamdulillah siiip
Masjid Al Madani,Gendut Montok,5.0,(Diterjemahkan oleh Google) Ini dingin(Asli)Sejukk
Masjid Al Madani,ahmad soim,5.0,
Masjid Al Madani,park moch,5.0,
Masjid Al Madani,Tri Sutrisno,5.0,
Masjid Al Madani,Arif Murdiono,5.0,
Masjid Al Madani,DOM MINIC,5.0,
Masjid Al Madani,Muhammad Alfan Ali Musthafa,5.0,
Masjid Al Madani,INTAN NURCAHYANI,4.0,
Masjid Al Madani,Amelia Aris,5.0,
Masjid Al Madani,Erwinsyah Heriyanto,5.0,
Masjid Al Madani,Joseph Istiqomah,5.0,
Masjid Al Madani,yudha ganteng,4.0,
Masjid Al Madani,Mimin Setyarto,5.0,
Masjid Al Madani,Sahabuddin Suaebu,5.0,
Masjid Al Madani,bagus kartomo,4.0,
Masjid Al Madani,Irmanda Bhayu,5.0,
Masjid Al Madani,zain muhammad,4.0,
Masjid Al Madani,didit alexander,5.0,
Masjid Al Madani,Mr Fatso,5.0,
Masjid Al Madani,Siti Naadiyatun Nuhaa,5.0,
Masjid Al Madani,Arul Khoja,3.0,
Masjid Al Madani,Harrizky Dwi,3.0,
Masjid Al Madani,Cxrider Channel,4.0,
Masjid Al Madani,ZAIN 234,5.0,
Masjid Al Madani,nuron zuhria,5.0,
Masjid Al Madani,ayu kartika sari,4.0,
Masjid Al Madani,candra agung,5.0,
Masjid Al Madani,Lutfi Bagus,5.0,
Masjid Al Madani,MUHAMMAD DENY MULYAPUTRA,5.0,
Masjid Al Madani,Novian Wibowo,5.0,
Masjid Al Madani,Slamet Mulyo,5.0,
Masjid Al Madani,Offi Jayanti,5.0,
Masjid Al Madani,arif kasmudi,5.0,
Masjid Al Madani,Khoirul Yusyah,5.0,
Masjid Al Madani,heri gunadi,5.0,
Masjid Al Madani,JASA SERTIFIKASI SKA SKT,5.0,
Masjid Al Madani,Septian Arief Praditya,5.0,
Masjid Al Madani,Tony Setiawan,5.0,
Masjid Al Madani,Su Yoto,5.0,
Masjid Al Madani,Wiwit Kluyuran (tiwiw),5.0,
Masjid Al Madani,Agung Waskito,1.0,
Masjid Al Madani,Charles Ardianata,4.0,
Masjid Al Madani,Sigit Budi Utomo,4.0,
Masjid Al Madani,Rick,5.0,
Masjid Al Madani,Fajar Pilantika,5.0,
Masjid Al Madani,Mus Taqim,5.0,
Masjid Al Madani,Lana Daguma CampChamp,5.0,
Masjid Al Madani,Mersiha Khaulah,5.0,
Masjid Al Madani,Yudhistira Prasetyo,5.0,
Masjid Al Madani,cesillya ika,5.0,
Masjid Al Madani,Deng Daeng,5.0,
Masjid Al Madani,anita wijaya,5.0,
Masjid Al Madani,Komunitas Gobis Cheker Semarang,5.0,
Masjid Al Madani,Andreas Airudin Hijrah,4.0,
Masjid Al Madani,Tia Isti,4.0,
Masjid Al Madani,Fatchur Rochman,5.0,
Masjid Al Madani,Justin Satria Bima,5.0,
Masjid Al Madani,Andre Wahyu,4.0,
Masjid Al Madani,Arga S,5.0,
Masjid Al Madani,triyoga Adi,5.0,
